Month,AverageTemperature,Country
01,11.635348180539687,Åland
02,12.577013608582863,Åland
03,14.57424544136386,Åland
04,16.969518652622337,Åland
05,19.523826324124585,Åland
06,21.22447707777459,Åland
07,22.207359550068105,Åland
08,22.016857218298238,Åland
09,20.380570169626292,Åland
10,17.743976211024805,Åland
11,14.978009589041097,Åland
12,12.488278313359572,Åland
01,11.635348180539687,Afghanistan
02,12.577013608582863,Afghanistan
03,14.57424544136386,Afghanistan
04,16.969518652622337,Afghanistan
05,19.523826324124585,Afghanistan
06,21.22447707777459,Afghanistan
07,22.207359550068105,Afghanistan
08,22.016857218298238,Afghanistan
09,20.380570169626292,Afghanistan
10,17.743976211024805,Afghanistan
11,14.978009589041097,Afghanistan
12,12.488278313359572,Afghanistan
01,11.635348180539687,Africa
02,12.577013608582863,Africa
03,14.57424544136386,Africa
04,16.969518652622337,Africa
05,19.523826324124585,Africa
06,21.22447707777459,Africa
07,22.207359550068105,Africa
08,22.016857218298238,Africa
09,20.380570169626292,Africa
10,17.743976211024805,Africa
11,14.978009589041097,Africa
12,12.488278313359572,Africa
01,11.635348180539687,Albania
02,12.577013608582863,Albania
03,14.57424544136386,Albania
04,16.969518652622337,Albania
05,19.523826324124585,Albania
06,21.22447707777459,Albania
07,22.207359550068105,Albania
08,22.016857218298238,Albania
09,20.380570169626292,Albania
10,17.743976211024805,Albania
11,14.978009589041097,Albania
12,12.488278313359572,Albania
01,11.635348180539687,Algeria
02,12.577013608582863,Algeria
03,14.57424544136386,Algeria
04,16.969518652622337,Algeria
05,19.523826324124585,Algeria
06,21.22447707777459,Algeria
07,22.207359550068105,Algeria
08,22.016857218298238,Algeria
09,20.380570169626292,Algeria
10,17.743976211024805,Algeria
11,14.978009589041097,Algeria
12,12.488278313359572,Algeria
01,11.635348180539687,American Samoa
02,12.577013608582863,American Samoa
03,14.57424544136386,American Samoa
04,16.969518652622337,American Samoa
05,19.523826324124585,American Samoa
06,21.22447707777459,American Samoa
07,22.207359550068105,American Samoa
08,22.016857218298238,American Samoa
09,20.380570169626292,American Samoa
10,17.743976211024805,American Samoa
11,14.978009589041097,American Samoa
12,12.488278313359572,American Samoa
01,11.635348180539687,Andorra
02,12.577013608582863,Andorra
03,14.57424544136386,Andorra
04,16.969518652622337,Andorra
05,19.523826324124585,Andorra
06,21.22447707777459,Andorra
07,22.207359550068105,Andorra
08,22.016857218298238,Andorra
09,20.380570169626292,Andorra
10,17.743976211024805,Andorra
11,14.978009589041097,Andorra
12,12.488278313359572,Andorra
01,11.635348180539687,Angola
02,12.577013608582863,Angola
03,14.57424544136386,Angola
04,16.969518652622337,Angola
05,19.523826324124585,Angola
06,21.22447707777459,Angola
07,22.207359550068105,Angola
08,22.016857218298238,Angola
09,20.380570169626292,Angola
10,17.743976211024805,Angola
11,14.978009589041097,Angola
12,12.488278313359572,Angola
01,11.635348180539687,Anguilla
02,12.577013608582863,Anguilla
03,14.57424544136386,Anguilla
04,16.969518652622337,Anguilla
05,19.523826324124585,Anguilla
06,21.22447707777459,Anguilla
07,22.207359550068105,Anguilla
08,22.016857218298238,Anguilla
09,20.380570169626292,Anguilla
10,17.743976211024805,Anguilla
11,14.978009589041097,Anguilla
12,12.488278313359572,Anguilla
01,11.635348180539687,Antarctica
02,12.577013608582863,Antarctica
03,14.57424544136386,Antarctica
04,16.969518652622337,Antarctica
05,19.523826324124585,Antarctica
06,21.22447707777459,Antarctica
07,22.207359550068105,Antarctica
08,22.016857218298238,Antarctica
09,20.380570169626292,Antarctica
10,17.743976211024805,Antarctica
11,14.978009589041097,Antarctica
12,12.488278313359572,Antarctica
01,11.635348180539687,Antigua And Barbuda
02,12.577013608582863,Antigua And Barbuda
03,14.57424544136386,Antigua And Barbuda
04,16.969518652622337,Antigua And Barbuda
05,19.523826324124585,Antigua And Barbuda
06,21.22447707777459,Antigua And Barbuda
07,22.207359550068105,Antigua And Barbuda
08,22.016857218298238,Antigua And Barbuda
09,20.380570169626292,Antigua And Barbuda
10,17.743976211024805,Antigua And Barbuda
11,14.978009589041097,Antigua And Barbuda
12,12.488278313359572,Antigua And Barbuda
01,11.635348180539687,Argentina
02,12.577013608582863,Argentina
03,14.57424544136386,Argentina
04,16.969518652622337,Argentina
05,19.523826324124585,Argentina
06,21.22447707777459,Argentina
07,22.207359550068105,Argentina
08,22.016857218298238,Argentina
09,20.380570169626292,Argentina
10,17.743976211024805,Argentina
11,14.978009589041097,Argentina
12,12.488278313359572,Argentina
01,11.635348180539687,Armenia
02,12.577013608582863,Armenia
03,14.57424544136386,Armenia
04,16.969518652622337,Armenia
05,19.523826324124585,Armenia
06,21.22447707777459,Armenia
07,22.207359550068105,Armenia
08,22.016857218298238,Armenia
09,20.380570169626292,Armenia
10,17.743976211024805,Armenia
11,14.978009589041097,Armenia
12,12.488278313359572,Armenia
01,11.635348180539687,Aruba
02,12.577013608582863,Aruba
03,14.57424544136386,Aruba
04,16.969518652622337,Aruba
05,19.523826324124585,Aruba
06,21.22447707777459,Aruba
07,22.207359550068105,Aruba
08,22.016857218298238,Aruba
09,20.380570169626292,Aruba
10,17.743976211024805,Aruba
11,14.978009589041097,Aruba
12,12.488278313359572,Aruba
01,11.635348180539687,Asia
02,12.577013608582863,Asia
03,14.57424544136386,Asia
04,16.969518652622337,Asia
05,19.523826324124585,Asia
06,21.22447707777459,Asia
07,22.207359550068105,Asia
08,22.016857218298238,Asia
09,20.380570169626292,Asia
10,17.743976211024805,Asia
11,14.978009589041097,Asia
12,12.488278313359572,Asia
01,11.635348180539687,Australia
02,12.577013608582863,Australia
03,14.57424544136386,Australia
04,16.969518652622337,Australia
05,19.523826324124585,Australia
06,21.22447707777459,Australia
07,22.207359550068105,Australia
08,22.016857218298238,Australia
09,20.380570169626292,Australia
10,17.743976211024805,Australia
11,14.978009589041097,Australia
12,12.488278313359572,Australia
01,11.635348180539687,Austria
02,12.577013608582863,Austria
03,14.57424544136386,Austria
04,16.969518652622337,Austria
05,19.523826324124585,Austria
06,21.22447707777459,Austria
07,22.207359550068105,Austria
08,22.016857218298238,Austria
09,20.380570169626292,Austria
10,17.743976211024805,Austria
11,14.978009589041097,Austria
12,12.488278313359572,Austria
01,11.635348180539687,Azerbaijan
02,12.577013608582863,Azerbaijan
03,14.57424544136386,Azerbaijan
04,16.969518652622337,Azerbaijan
05,19.523826324124585,Azerbaijan
06,21.22447707777459,Azerbaijan
07,22.207359550068105,Azerbaijan
08,22.016857218298238,Azerbaijan
09,20.380570169626292,Azerbaijan
10,17.743976211024805,Azerbaijan
11,14.978009589041097,Azerbaijan
12,12.488278313359572,Azerbaijan
01,11.635348180539687,Bahamas
02,12.577013608582863,Bahamas
03,14.57424544136386,Bahamas
04,16.969518652622337,Bahamas
05,19.523826324124585,Bahamas
06,21.22447707777459,Bahamas
07,22.207359550068105,Bahamas
08,22.016857218298238,Bahamas
09,20.380570169626292,Bahamas
10,17.743976211024805,Bahamas
11,14.978009589041097,Bahamas
12,12.488278313359572,Bahamas
01,11.635348180539687,Bahrain
02,12.577013608582863,Bahrain
03,14.57424544136386,Bahrain
04,16.969518652622337,Bahrain
05,19.523826324124585,Bahrain
06,21.22447707777459,Bahrain
07,22.207359550068105,Bahrain
08,22.016857218298238,Bahrain
09,20.380570169626292,Bahrain
10,17.743976211024805,Bahrain
11,14.978009589041097,Bahrain
12,12.488278313359572,Bahrain
01,11.635348180539687,Baker Island
02,12.577013608582863,Baker Island
03,14.57424544136386,Baker Island
04,16.969518652622337,Baker Island
05,19.523826324124585,Baker Island
06,21.22447707777459,Baker Island
07,22.207359550068105,Baker Island
08,22.016857218298238,Baker Island
09,20.380570169626292,Baker Island
10,17.743976211024805,Baker Island
11,14.978009589041097,Baker Island
12,12.488278313359572,Baker Island
01,11.635348180539687,Bangladesh
02,12.577013608582863,Bangladesh
03,14.57424544136386,Bangladesh
04,16.969518652622337,Bangladesh
05,19.523826324124585,Bangladesh
06,21.22447707777459,Bangladesh
07,22.207359550068105,Bangladesh
08,22.016857218298238,Bangladesh
09,20.380570169626292,Bangladesh
10,17.743976211024805,Bangladesh
11,14.978009589041097,Bangladesh
12,12.488278313359572,Bangladesh
01,11.635348180539687,Barbados
02,12.577013608582863,Barbados
03,14.57424544136386,Barbados
04,16.969518652622337,Barbados
05,19.523826324124585,Barbados
06,21.22447707777459,Barbados
07,22.207359550068105,Barbados
08,22.016857218298238,Barbados
09,20.380570169626292,Barbados
10,17.743976211024805,Barbados
11,14.978009589041097,Barbados
12,12.488278313359572,Barbados
01,11.635348180539687,Belarus
02,12.577013608582863,Belarus
03,14.57424544136386,Belarus
04,16.969518652622337,Belarus
05,19.523826324124585,Belarus
06,21.22447707777459,Belarus
07,22.207359550068105,Belarus
08,22.016857218298238,Belarus
09,20.380570169626292,Belarus
10,17.743976211024805,Belarus
11,14.978009589041097,Belarus
12,12.488278313359572,Belarus
01,11.635348180539687,Belgium
02,12.577013608582863,Belgium
03,14.57424544136386,Belgium
04,16.969518652622337,Belgium
05,19.523826324124585,Belgium
06,21.22447707777459,Belgium
07,22.207359550068105,Belgium
08,22.016857218298238,Belgium
09,20.380570169626292,Belgium
10,17.743976211024805,Belgium
11,14.978009589041097,Belgium
12,12.488278313359572,Belgium
01,11.635348180539687,Belize
02,12.577013608582863,Belize
03,14.57424544136386,Belize
04,16.969518652622337,Belize
05,19.523826324124585,Belize
06,21.22447707777459,Belize
07,22.207359550068105,Belize
08,22.016857218298238,Belize
09,20.380570169626292,Belize
10,17.743976211024805,Belize
11,14.978009589041097,Belize
12,12.488278313359572,Belize
01,11.635348180539687,Benin
02,12.577013608582863,Benin
03,14.57424544136386,Benin
04,16.969518652622337,Benin
05,19.523826324124585,Benin
06,21.22447707777459,Benin
07,22.207359550068105,Benin
08,22.016857218298238,Benin
09,20.380570169626292,Benin
10,17.743976211024805,Benin
11,14.978009589041097,Benin
12,12.488278313359572,Benin
01,11.635348180539687,Bhutan
02,12.577013608582863,Bhutan
03,14.57424544136386,Bhutan
04,16.969518652622337,Bhutan
05,19.523826324124585,Bhutan
06,21.22447707777459,Bhutan
07,22.207359550068105,Bhutan
08,22.016857218298238,Bhutan
09,20.380570169626292,Bhutan
10,17.743976211024805,Bhutan
11,14.978009589041097,Bhutan
12,12.488278313359572,Bhutan
01,11.635348180539687,Bolivia
02,12.577013608582863,Bolivia
03,14.57424544136386,Bolivia
04,16.969518652622337,Bolivia
05,19.523826324124585,Bolivia
06,21.22447707777459,Bolivia
07,22.207359550068105,Bolivia
08,22.016857218298238,Bolivia
09,20.380570169626292,Bolivia
10,17.743976211024805,Bolivia
11,14.978009589041097,Bolivia
12,12.488278313359572,Bolivia
01,11.635348180539687,"Bonaire, Saint Eustatius And Saba"
02,12.577013608582863,"Bonaire, Saint Eustatius And Saba"
03,14.57424544136386,"Bonaire, Saint Eustatius And Saba"
04,16.969518652622337,"Bonaire, Saint Eustatius And Saba"
05,19.523826324124585,"Bonaire, Saint Eustatius And Saba"
06,21.22447707777459,"Bonaire, Saint Eustatius And Saba"
07,22.207359550068105,"Bonaire, Saint Eustatius And Saba"
08,22.016857218298238,"Bonaire, Saint Eustatius And Saba"
09,20.380570169626292,"Bonaire, Saint Eustatius And Saba"
10,17.743976211024805,"Bonaire, Saint Eustatius And Saba"
11,14.978009589041097,"Bonaire, Saint Eustatius And Saba"
12,12.488278313359572,"Bonaire, Saint Eustatius And Saba"
01,11.635348180539687,Bosnia And Herzegovina
02,12.577013608582863,Bosnia And Herzegovina
03,14.57424544136386,Bosnia And Herzegovina
04,16.969518652622337,Bosnia And Herzegovina
05,19.523826324124585,Bosnia And Herzegovina
06,21.22447707777459,Bosnia And Herzegovina
07,22.207359550068105,Bosnia And Herzegovina
08,22.016857218298238,Bosnia And Herzegovina
09,20.380570169626292,Bosnia And Herzegovina
10,17.743976211024805,Bosnia And Herzegovina
11,14.978009589041097,Bosnia And Herzegovina
12,12.488278313359572,Bosnia And Herzegovina
01,11.635348180539687,Botswana
02,12.577013608582863,Botswana
03,14.57424544136386,Botswana
04,16.969518652622337,Botswana
05,19.523826324124585,Botswana
06,21.22447707777459,Botswana
07,22.207359550068105,Botswana
08,22.016857218298238,Botswana
09,20.380570169626292,Botswana
10,17.743976211024805,Botswana
11,14.978009589041097,Botswana
12,12.488278313359572,Botswana
01,11.635348180539687,Brazil
02,12.577013608582863,Brazil
03,14.57424544136386,Brazil
04,16.969518652622337,Brazil
05,19.523826324124585,Brazil
06,21.22447707777459,Brazil
07,22.207359550068105,Brazil
08,22.016857218298238,Brazil
09,20.380570169626292,Brazil
10,17.743976211024805,Brazil
11,14.978009589041097,Brazil
12,12.488278313359572,Brazil
01,11.635348180539687,British Virgin Islands
02,12.577013608582863,British Virgin Islands
03,14.57424544136386,British Virgin Islands
04,16.969518652622337,British Virgin Islands
05,19.523826324124585,British Virgin Islands
06,21.22447707777459,British Virgin Islands
07,22.207359550068105,British Virgin Islands
08,22.016857218298238,British Virgin Islands
09,20.380570169626292,British Virgin Islands
10,17.743976211024805,British Virgin Islands
11,14.978009589041097,British Virgin Islands
12,12.488278313359572,British Virgin Islands
01,11.635348180539687,Bulgaria
02,12.577013608582863,Bulgaria
03,14.57424544136386,Bulgaria
04,16.969518652622337,Bulgaria
05,19.523826324124585,Bulgaria
06,21.22447707777459,Bulgaria
07,22.207359550068105,Bulgaria
08,22.016857218298238,Bulgaria
09,20.380570169626292,Bulgaria
10,17.743976211024805,Bulgaria
11,14.978009589041097,Bulgaria
12,12.488278313359572,Bulgaria
01,11.635348180539687,Burkina Faso
02,12.577013608582863,Burkina Faso
03,14.57424544136386,Burkina Faso
04,16.969518652622337,Burkina Faso
05,19.523826324124585,Burkina Faso
06,21.22447707777459,Burkina Faso
07,22.207359550068105,Burkina Faso
08,22.016857218298238,Burkina Faso
09,20.380570169626292,Burkina Faso
10,17.743976211024805,Burkina Faso
11,14.978009589041097,Burkina Faso
12,12.488278313359572,Burkina Faso
01,11.635348180539687,Burma
02,12.577013608582863,Burma
03,14.57424544136386,Burma
04,16.969518652622337,Burma
05,19.523826324124585,Burma
06,21.22447707777459,Burma
07,22.207359550068105,Burma
08,22.016857218298238,Burma
09,20.380570169626292,Burma
10,17.743976211024805,Burma
11,14.978009589041097,Burma
12,12.488278313359572,Burma
01,11.635348180539687,Burundi
02,12.577013608582863,Burundi
03,14.57424544136386,Burundi
04,16.969518652622337,Burundi
05,19.523826324124585,Burundi
06,21.22447707777459,Burundi
07,22.207359550068105,Burundi
08,22.016857218298238,Burundi
09,20.380570169626292,Burundi
10,17.743976211024805,Burundi
11,14.978009589041097,Burundi
12,12.488278313359572,Burundi
01,11.635348180539687,Côte D'Ivoire
02,12.577013608582863,Côte D'Ivoire
03,14.57424544136386,Côte D'Ivoire
04,16.969518652622337,Côte D'Ivoire
05,19.523826324124585,Côte D'Ivoire
06,21.22447707777459,Côte D'Ivoire
07,22.207359550068105,Côte D'Ivoire
08,22.016857218298238,Côte D'Ivoire
09,20.380570169626292,Côte D'Ivoire
10,17.743976211024805,Côte D'Ivoire
11,14.978009589041097,Côte D'Ivoire
12,12.488278313359572,Côte D'Ivoire
01,11.635348180539687,Cambodia
02,12.577013608582863,Cambodia
03,14.57424544136386,Cambodia
04,16.969518652622337,Cambodia
05,19.523826324124585,Cambodia
06,21.22447707777459,Cambodia
07,22.207359550068105,Cambodia
08,22.016857218298238,Cambodia
09,20.380570169626292,Cambodia
10,17.743976211024805,Cambodia
11,14.978009589041097,Cambodia
12,12.488278313359572,Cambodia
01,11.635348180539687,Cameroon
02,12.577013608582863,Cameroon
03,14.57424544136386,Cameroon
04,16.969518652622337,Cameroon
05,19.523826324124585,Cameroon
06,21.22447707777459,Cameroon
07,22.207359550068105,Cameroon
08,22.016857218298238,Cameroon
09,20.380570169626292,Cameroon
10,17.743976211024805,Cameroon
11,14.978009589041097,Cameroon
12,12.488278313359572,Cameroon
01,11.635348180539687,Canada
02,12.577013608582863,Canada
03,14.57424544136386,Canada
04,16.969518652622337,Canada
05,19.523826324124585,Canada
06,21.22447707777459,Canada
07,22.207359550068105,Canada
08,22.016857218298238,Canada
09,20.380570169626292,Canada
10,17.743976211024805,Canada
11,14.978009589041097,Canada
12,12.488278313359572,Canada
01,11.635348180539687,Cape Verde
02,12.577013608582863,Cape Verde
03,14.57424544136386,Cape Verde
04,16.969518652622337,Cape Verde
05,19.523826324124585,Cape Verde
06,21.22447707777459,Cape Verde
07,22.207359550068105,Cape Verde
08,22.016857218298238,Cape Verde
09,20.380570169626292,Cape Verde
10,17.743976211024805,Cape Verde
11,14.978009589041097,Cape Verde
12,12.488278313359572,Cape Verde
01,11.635348180539687,Cayman Islands
02,12.577013608582863,Cayman Islands
03,14.57424544136386,Cayman Islands
04,16.969518652622337,Cayman Islands
05,19.523826324124585,Cayman Islands
06,21.22447707777459,Cayman Islands
07,22.207359550068105,Cayman Islands
08,22.016857218298238,Cayman Islands
09,20.380570169626292,Cayman Islands
10,17.743976211024805,Cayman Islands
11,14.978009589041097,Cayman Islands
12,12.488278313359572,Cayman Islands
01,11.635348180539687,Central African Republic
02,12.577013608582863,Central African Republic
03,14.57424544136386,Central African Republic
04,16.969518652622337,Central African Republic
05,19.523826324124585,Central African Republic
06,21.22447707777459,Central African Republic
07,22.207359550068105,Central African Republic
08,22.016857218298238,Central African Republic
09,20.380570169626292,Central African Republic
10,17.743976211024805,Central African Republic
11,14.978009589041097,Central African Republic
12,12.488278313359572,Central African Republic
01,11.635348180539687,Chad
02,12.577013608582863,Chad
03,14.57424544136386,Chad
04,16.969518652622337,Chad
05,19.523826324124585,Chad
06,21.22447707777459,Chad
07,22.207359550068105,Chad
08,22.016857218298238,Chad
09,20.380570169626292,Chad
10,17.743976211024805,Chad
11,14.978009589041097,Chad
12,12.488278313359572,Chad
01,11.635348180539687,Chile
02,12.577013608582863,Chile
03,14.57424544136386,Chile
04,16.969518652622337,Chile
05,19.523826324124585,Chile
06,21.22447707777459,Chile
07,22.207359550068105,Chile
08,22.016857218298238,Chile
09,20.380570169626292,Chile
10,17.743976211024805,Chile
11,14.978009589041097,Chile
12,12.488278313359572,Chile
01,11.635348180539687,China
02,12.577013608582863,China
03,14.57424544136386,China
04,16.969518652622337,China
05,19.523826324124585,China
06,21.22447707777459,China
07,22.207359550068105,China
08,22.016857218298238,China
09,20.380570169626292,China
10,17.743976211024805,China
11,14.978009589041097,China
12,12.488278313359572,China
01,11.635348180539687,Christmas Island
02,12.577013608582863,Christmas Island
03,14.57424544136386,Christmas Island
04,16.969518652622337,Christmas Island
05,19.523826324124585,Christmas Island
06,21.22447707777459,Christmas Island
07,22.207359550068105,Christmas Island
08,22.016857218298238,Christmas Island
09,20.380570169626292,Christmas Island
10,17.743976211024805,Christmas Island
11,14.978009589041097,Christmas Island
12,12.488278313359572,Christmas Island
01,11.635348180539687,Colombia
02,12.577013608582863,Colombia
03,14.57424544136386,Colombia
04,16.969518652622337,Colombia
05,19.523826324124585,Colombia
06,21.22447707777459,Colombia
07,22.207359550068105,Colombia
08,22.016857218298238,Colombia
09,20.380570169626292,Colombia
10,17.743976211024805,Colombia
11,14.978009589041097,Colombia
12,12.488278313359572,Colombia
01,11.635348180539687,Comoros
02,12.577013608582863,Comoros
03,14.57424544136386,Comoros
04,16.969518652622337,Comoros
05,19.523826324124585,Comoros
06,21.22447707777459,Comoros
07,22.207359550068105,Comoros
08,22.016857218298238,Comoros
09,20.380570169626292,Comoros
10,17.743976211024805,Comoros
11,14.978009589041097,Comoros
12,12.488278313359572,Comoros
01,11.635348180539687,Congo (Democratic Republic Of The)
02,12.577013608582863,Congo (Democratic Republic Of The)
03,14.57424544136386,Congo (Democratic Republic Of The)
04,16.969518652622337,Congo (Democratic Republic Of The)
05,19.523826324124585,Congo (Democratic Republic Of The)
06,21.22447707777459,Congo (Democratic Republic Of The)
07,22.207359550068105,Congo (Democratic Republic Of The)
08,22.016857218298238,Congo (Democratic Republic Of The)
09,20.380570169626292,Congo (Democratic Republic Of The)
10,17.743976211024805,Congo (Democratic Republic Of The)
11,14.978009589041097,Congo (Democratic Republic Of The)
12,12.488278313359572,Congo (Democratic Republic Of The)
01,11.635348180539687,Congo
02,12.577013608582863,Congo
03,14.57424544136386,Congo
04,16.969518652622337,Congo
05,19.523826324124585,Congo
06,21.22447707777459,Congo
07,22.207359550068105,Congo
08,22.016857218298238,Congo
09,20.380570169626292,Congo
10,17.743976211024805,Congo
11,14.978009589041097,Congo
12,12.488278313359572,Congo
01,11.635348180539687,Costa Rica
02,12.577013608582863,Costa Rica
03,14.57424544136386,Costa Rica
04,16.969518652622337,Costa Rica
05,19.523826324124585,Costa Rica
06,21.22447707777459,Costa Rica
07,22.207359550068105,Costa Rica
08,22.016857218298238,Costa Rica
09,20.380570169626292,Costa Rica
10,17.743976211024805,Costa Rica
11,14.978009589041097,Costa Rica
12,12.488278313359572,Costa Rica
01,11.635348180539687,Croatia
02,12.577013608582863,Croatia
03,14.57424544136386,Croatia
04,16.969518652622337,Croatia
05,19.523826324124585,Croatia
06,21.22447707777459,Croatia
07,22.207359550068105,Croatia
08,22.016857218298238,Croatia
09,20.380570169626292,Croatia
10,17.743976211024805,Croatia
11,14.978009589041097,Croatia
12,12.488278313359572,Croatia
01,11.635348180539687,Cuba
02,12.577013608582863,Cuba
03,14.57424544136386,Cuba
04,16.969518652622337,Cuba
05,19.523826324124585,Cuba
06,21.22447707777459,Cuba
07,22.207359550068105,Cuba
08,22.016857218298238,Cuba
09,20.380570169626292,Cuba
10,17.743976211024805,Cuba
11,14.978009589041097,Cuba
12,12.488278313359572,Cuba
01,11.635348180539687,Curaçao
02,12.577013608582863,Curaçao
03,14.57424544136386,Curaçao
04,16.969518652622337,Curaçao
05,19.523826324124585,Curaçao
06,21.22447707777459,Curaçao
07,22.207359550068105,Curaçao
08,22.016857218298238,Curaçao
09,20.380570169626292,Curaçao
10,17.743976211024805,Curaçao
11,14.978009589041097,Curaçao
12,12.488278313359572,Curaçao
01,11.635348180539687,Cyprus
02,12.577013608582863,Cyprus
03,14.57424544136386,Cyprus
04,16.969518652622337,Cyprus
05,19.523826324124585,Cyprus
06,21.22447707777459,Cyprus
07,22.207359550068105,Cyprus
08,22.016857218298238,Cyprus
09,20.380570169626292,Cyprus
10,17.743976211024805,Cyprus
11,14.978009589041097,Cyprus
12,12.488278313359572,Cyprus
01,11.635348180539687,Czech Republic
02,12.577013608582863,Czech Republic
03,14.57424544136386,Czech Republic
04,16.969518652622337,Czech Republic
05,19.523826324124585,Czech Republic
06,21.22447707777459,Czech Republic
07,22.207359550068105,Czech Republic
08,22.016857218298238,Czech Republic
09,20.380570169626292,Czech Republic
10,17.743976211024805,Czech Republic
11,14.978009589041097,Czech Republic
12,12.488278313359572,Czech Republic
01,11.635348180539687,Denmark (Europe)
02,12.577013608582863,Denmark (Europe)
03,14.57424544136386,Denmark (Europe)
04,16.969518652622337,Denmark (Europe)
05,19.523826324124585,Denmark (Europe)
06,21.22447707777459,Denmark (Europe)
07,22.207359550068105,Denmark (Europe)
08,22.016857218298238,Denmark (Europe)
09,20.380570169626292,Denmark (Europe)
10,17.743976211024805,Denmark (Europe)
11,14.978009589041097,Denmark (Europe)
12,12.488278313359572,Denmark (Europe)
01,11.635348180539687,Denmark
02,12.577013608582863,Denmark
03,14.57424544136386,Denmark
04,16.969518652622337,Denmark
05,19.523826324124585,Denmark
06,21.22447707777459,Denmark
07,22.207359550068105,Denmark
08,22.016857218298238,Denmark
09,20.380570169626292,Denmark
10,17.743976211024805,Denmark
11,14.978009589041097,Denmark
12,12.488278313359572,Denmark
01,11.635348180539687,Djibouti
02,12.577013608582863,Djibouti
03,14.57424544136386,Djibouti
04,16.969518652622337,Djibouti
05,19.523826324124585,Djibouti
06,21.22447707777459,Djibouti
07,22.207359550068105,Djibouti
08,22.016857218298238,Djibouti
09,20.380570169626292,Djibouti
10,17.743976211024805,Djibouti
11,14.978009589041097,Djibouti
12,12.488278313359572,Djibouti
01,11.635348180539687,Dominica
02,12.577013608582863,Dominica
03,14.57424544136386,Dominica
04,16.969518652622337,Dominica
05,19.523826324124585,Dominica
06,21.22447707777459,Dominica
07,22.207359550068105,Dominica
08,22.016857218298238,Dominica
09,20.380570169626292,Dominica
10,17.743976211024805,Dominica
11,14.978009589041097,Dominica
12,12.488278313359572,Dominica
01,11.635348180539687,Dominican Republic
02,12.577013608582863,Dominican Republic
03,14.57424544136386,Dominican Republic
04,16.969518652622337,Dominican Republic
05,19.523826324124585,Dominican Republic
06,21.22447707777459,Dominican Republic
07,22.207359550068105,Dominican Republic
08,22.016857218298238,Dominican Republic
09,20.380570169626292,Dominican Republic
10,17.743976211024805,Dominican Republic
11,14.978009589041097,Dominican Republic
12,12.488278313359572,Dominican Republic
01,11.635348180539687,Ecuador
02,12.577013608582863,Ecuador
03,14.57424544136386,Ecuador
04,16.969518652622337,Ecuador
05,19.523826324124585,Ecuador
06,21.22447707777459,Ecuador
07,22.207359550068105,Ecuador
08,22.016857218298238,Ecuador
09,20.380570169626292,Ecuador
10,17.743976211024805,Ecuador
11,14.978009589041097,Ecuador
12,12.488278313359572,Ecuador
01,11.635348180539687,Egypt
02,12.577013608582863,Egypt
03,14.57424544136386,Egypt
04,16.969518652622337,Egypt
05,19.523826324124585,Egypt
06,21.22447707777459,Egypt
07,22.207359550068105,Egypt
08,22.016857218298238,Egypt
09,20.380570169626292,Egypt
10,17.743976211024805,Egypt
11,14.978009589041097,Egypt
12,12.488278313359572,Egypt
01,11.635348180539687,El Salvador
02,12.577013608582863,El Salvador
03,14.57424544136386,El Salvador
04,16.969518652622337,El Salvador
05,19.523826324124585,El Salvador
06,21.22447707777459,El Salvador
07,22.207359550068105,El Salvador
08,22.016857218298238,El Salvador
09,20.380570169626292,El Salvador
10,17.743976211024805,El Salvador
11,14.978009589041097,El Salvador
12,12.488278313359572,El Salvador
01,11.635348180539687,Equatorial Guinea
02,12.577013608582863,Equatorial Guinea
03,14.57424544136386,Equatorial Guinea
04,16.969518652622337,Equatorial Guinea
05,19.523826324124585,Equatorial Guinea
06,21.22447707777459,Equatorial Guinea
07,22.207359550068105,Equatorial Guinea
08,22.016857218298238,Equatorial Guinea
09,20.380570169626292,Equatorial Guinea
10,17.743976211024805,Equatorial Guinea
11,14.978009589041097,Equatorial Guinea
12,12.488278313359572,Equatorial Guinea
01,11.635348180539687,Eritrea
02,12.577013608582863,Eritrea
03,14.57424544136386,Eritrea
04,16.969518652622337,Eritrea
05,19.523826324124585,Eritrea
06,21.22447707777459,Eritrea
07,22.207359550068105,Eritrea
08,22.016857218298238,Eritrea
09,20.380570169626292,Eritrea
10,17.743976211024805,Eritrea
11,14.978009589041097,Eritrea
12,12.488278313359572,Eritrea
01,11.635348180539687,Estonia
02,12.577013608582863,Estonia
03,14.57424544136386,Estonia
04,16.969518652622337,Estonia
05,19.523826324124585,Estonia
06,21.22447707777459,Estonia
07,22.207359550068105,Estonia
08,22.016857218298238,Estonia
09,20.380570169626292,Estonia
10,17.743976211024805,Estonia
11,14.978009589041097,Estonia
12,12.488278313359572,Estonia
01,11.635348180539687,Ethiopia
02,12.577013608582863,Ethiopia
03,14.57424544136386,Ethiopia
04,16.969518652622337,Ethiopia
05,19.523826324124585,Ethiopia
06,21.22447707777459,Ethiopia
07,22.207359550068105,Ethiopia
08,22.016857218298238,Ethiopia
09,20.380570169626292,Ethiopia
10,17.743976211024805,Ethiopia
11,14.978009589041097,Ethiopia
12,12.488278313359572,Ethiopia
01,11.635348180539687,Europe
02,12.577013608582863,Europe
03,14.57424544136386,Europe
04,16.969518652622337,Europe
05,19.523826324124585,Europe
06,21.22447707777459,Europe
07,22.207359550068105,Europe
08,22.016857218298238,Europe
09,20.380570169626292,Europe
10,17.743976211024805,Europe
11,14.978009589041097,Europe
12,12.488278313359572,Europe
01,11.635348180539687,Falkland Islands (Islas Malvinas)
02,12.577013608582863,Falkland Islands (Islas Malvinas)
03,14.57424544136386,Falkland Islands (Islas Malvinas)
04,16.969518652622337,Falkland Islands (Islas Malvinas)
05,19.523826324124585,Falkland Islands (Islas Malvinas)
06,21.22447707777459,Falkland Islands (Islas Malvinas)
07,22.207359550068105,Falkland Islands (Islas Malvinas)
08,22.016857218298238,Falkland Islands (Islas Malvinas)
09,20.380570169626292,Falkland Islands (Islas Malvinas)
10,17.743976211024805,Falkland Islands (Islas Malvinas)
11,14.978009589041097,Falkland Islands (Islas Malvinas)
12,12.488278313359572,Falkland Islands (Islas Malvinas)
01,11.635348180539687,Faroe Islands
02,12.577013608582863,Faroe Islands
03,14.57424544136386,Faroe Islands
04,16.969518652622337,Faroe Islands
05,19.523826324124585,Faroe Islands
06,21.22447707777459,Faroe Islands
07,22.207359550068105,Faroe Islands
08,22.016857218298238,Faroe Islands
09,20.380570169626292,Faroe Islands
10,17.743976211024805,Faroe Islands
11,14.978009589041097,Faroe Islands
12,12.488278313359572,Faroe Islands
01,11.635348180539687,Federated States Of Micronesia
02,12.577013608582863,Federated States Of Micronesia
03,14.57424544136386,Federated States Of Micronesia
04,16.969518652622337,Federated States Of Micronesia
05,19.523826324124585,Federated States Of Micronesia
06,21.22447707777459,Federated States Of Micronesia
07,22.207359550068105,Federated States Of Micronesia
08,22.016857218298238,Federated States Of Micronesia
09,20.380570169626292,Federated States Of Micronesia
10,17.743976211024805,Federated States Of Micronesia
11,14.978009589041097,Federated States Of Micronesia
12,12.488278313359572,Federated States Of Micronesia
01,11.635348180539687,Fiji
02,12.577013608582863,Fiji
03,14.57424544136386,Fiji
04,16.969518652622337,Fiji
05,19.523826324124585,Fiji
06,21.22447707777459,Fiji
07,22.207359550068105,Fiji
08,22.016857218298238,Fiji
09,20.380570169626292,Fiji
10,17.743976211024805,Fiji
11,14.978009589041097,Fiji
12,12.488278313359572,Fiji
01,11.635348180539687,Finland
02,12.577013608582863,Finland
03,14.57424544136386,Finland
04,16.969518652622337,Finland
05,19.523826324124585,Finland
06,21.22447707777459,Finland
07,22.207359550068105,Finland
08,22.016857218298238,Finland
09,20.380570169626292,Finland
10,17.743976211024805,Finland
11,14.978009589041097,Finland
12,12.488278313359572,Finland
01,11.635348180539687,France (Europe)
02,12.577013608582863,France (Europe)
03,14.57424544136386,France (Europe)
04,16.969518652622337,France (Europe)
05,19.523826324124585,France (Europe)
06,21.22447707777459,France (Europe)
07,22.207359550068105,France (Europe)
08,22.016857218298238,France (Europe)
09,20.380570169626292,France (Europe)
10,17.743976211024805,France (Europe)
11,14.978009589041097,France (Europe)
12,12.488278313359572,France (Europe)
01,11.635348180539687,France
02,12.577013608582863,France
03,14.57424544136386,France
04,16.969518652622337,France
05,19.523826324124585,France
06,21.22447707777459,France
07,22.207359550068105,France
08,22.016857218298238,France
09,20.380570169626292,France
10,17.743976211024805,France
11,14.978009589041097,France
12,12.488278313359572,France
01,11.635348180539687,French Guiana
02,12.577013608582863,French Guiana
03,14.57424544136386,French Guiana
04,16.969518652622337,French Guiana
05,19.523826324124585,French Guiana
06,21.22447707777459,French Guiana
07,22.207359550068105,French Guiana
08,22.016857218298238,French Guiana
09,20.380570169626292,French Guiana
10,17.743976211024805,French Guiana
11,14.978009589041097,French Guiana
12,12.488278313359572,French Guiana
01,11.635348180539687,French Polynesia
02,12.577013608582863,French Polynesia
03,14.57424544136386,French Polynesia
04,16.969518652622337,French Polynesia
05,19.523826324124585,French Polynesia
06,21.22447707777459,French Polynesia
07,22.207359550068105,French Polynesia
08,22.016857218298238,French Polynesia
09,20.380570169626292,French Polynesia
10,17.743976211024805,French Polynesia
11,14.978009589041097,French Polynesia
12,12.488278313359572,French Polynesia
01,11.635348180539687,French Southern And Antarctic Lands
02,12.577013608582863,French Southern And Antarctic Lands
03,14.57424544136386,French Southern And Antarctic Lands
04,16.969518652622337,French Southern And Antarctic Lands
05,19.523826324124585,French Southern And Antarctic Lands
06,21.22447707777459,French Southern And Antarctic Lands
07,22.207359550068105,French Southern And Antarctic Lands
08,22.016857218298238,French Southern And Antarctic Lands
09,20.380570169626292,French Southern And Antarctic Lands
10,17.743976211024805,French Southern And Antarctic Lands
11,14.978009589041097,French Southern And Antarctic Lands
12,12.488278313359572,French Southern And Antarctic Lands
01,11.635348180539687,Gabon
02,12.577013608582863,Gabon
03,14.57424544136386,Gabon
04,16.969518652622337,Gabon
05,19.523826324124585,Gabon
06,21.22447707777459,Gabon
07,22.207359550068105,Gabon
08,22.016857218298238,Gabon
09,20.380570169626292,Gabon
10,17.743976211024805,Gabon
11,14.978009589041097,Gabon
12,12.488278313359572,Gabon
01,11.635348180539687,Gambia
02,12.577013608582863,Gambia
03,14.57424544136386,Gambia
04,16.969518652622337,Gambia
05,19.523826324124585,Gambia
06,21.22447707777459,Gambia
07,22.207359550068105,Gambia
08,22.016857218298238,Gambia
09,20.380570169626292,Gambia
10,17.743976211024805,Gambia
11,14.978009589041097,Gambia
12,12.488278313359572,Gambia
01,11.635348180539687,Gaza Strip
02,12.577013608582863,Gaza Strip
03,14.57424544136386,Gaza Strip
04,16.969518652622337,Gaza Strip
05,19.523826324124585,Gaza Strip
06,21.22447707777459,Gaza Strip
07,22.207359550068105,Gaza Strip
08,22.016857218298238,Gaza Strip
09,20.380570169626292,Gaza Strip
10,17.743976211024805,Gaza Strip
11,14.978009589041097,Gaza Strip
12,12.488278313359572,Gaza Strip
01,11.635348180539687,Georgia
02,12.577013608582863,Georgia
03,14.57424544136386,Georgia
04,16.969518652622337,Georgia
05,19.523826324124585,Georgia
06,21.22447707777459,Georgia
07,22.207359550068105,Georgia
08,22.016857218298238,Georgia
09,20.380570169626292,Georgia
10,17.743976211024805,Georgia
11,14.978009589041097,Georgia
12,12.488278313359572,Georgia
01,11.635348180539687,Germany
02,12.577013608582863,Germany
03,14.57424544136386,Germany
04,16.969518652622337,Germany
05,19.523826324124585,Germany
06,21.22447707777459,Germany
07,22.207359550068105,Germany
08,22.016857218298238,Germany
09,20.380570169626292,Germany
10,17.743976211024805,Germany
11,14.978009589041097,Germany
12,12.488278313359572,Germany
01,11.635348180539687,Ghana
02,12.577013608582863,Ghana
03,14.57424544136386,Ghana
04,16.969518652622337,Ghana
05,19.523826324124585,Ghana
06,21.22447707777459,Ghana
07,22.207359550068105,Ghana
08,22.016857218298238,Ghana
09,20.380570169626292,Ghana
10,17.743976211024805,Ghana
11,14.978009589041097,Ghana
12,12.488278313359572,Ghana
01,11.635348180539687,Greece
02,12.577013608582863,Greece
03,14.57424544136386,Greece
04,16.969518652622337,Greece
05,19.523826324124585,Greece
06,21.22447707777459,Greece
07,22.207359550068105,Greece
08,22.016857218298238,Greece
09,20.380570169626292,Greece
10,17.743976211024805,Greece
11,14.978009589041097,Greece
12,12.488278313359572,Greece
01,11.635348180539687,Greenland
02,12.577013608582863,Greenland
03,14.57424544136386,Greenland
04,16.969518652622337,Greenland
05,19.523826324124585,Greenland
06,21.22447707777459,Greenland
07,22.207359550068105,Greenland
08,22.016857218298238,Greenland
09,20.380570169626292,Greenland
10,17.743976211024805,Greenland
11,14.978009589041097,Greenland
12,12.488278313359572,Greenland
01,11.635348180539687,Grenada
02,12.577013608582863,Grenada
03,14.57424544136386,Grenada
04,16.969518652622337,Grenada
05,19.523826324124585,Grenada
06,21.22447707777459,Grenada
07,22.207359550068105,Grenada
08,22.016857218298238,Grenada
09,20.380570169626292,Grenada
10,17.743976211024805,Grenada
11,14.978009589041097,Grenada
12,12.488278313359572,Grenada
01,11.635348180539687,Guadeloupe
02,12.577013608582863,Guadeloupe
03,14.57424544136386,Guadeloupe
04,16.969518652622337,Guadeloupe
05,19.523826324124585,Guadeloupe
06,21.22447707777459,Guadeloupe
07,22.207359550068105,Guadeloupe
08,22.016857218298238,Guadeloupe
09,20.380570169626292,Guadeloupe
10,17.743976211024805,Guadeloupe
11,14.978009589041097,Guadeloupe
12,12.488278313359572,Guadeloupe
01,11.635348180539687,Guam
02,12.577013608582863,Guam
03,14.57424544136386,Guam
04,16.969518652622337,Guam
05,19.523826324124585,Guam
06,21.22447707777459,Guam
07,22.207359550068105,Guam
08,22.016857218298238,Guam
09,20.380570169626292,Guam
10,17.743976211024805,Guam
11,14.978009589041097,Guam
12,12.488278313359572,Guam
01,11.635348180539687,Guatemala
02,12.577013608582863,Guatemala
03,14.57424544136386,Guatemala
04,16.969518652622337,Guatemala
05,19.523826324124585,Guatemala
06,21.22447707777459,Guatemala
07,22.207359550068105,Guatemala
08,22.016857218298238,Guatemala
09,20.380570169626292,Guatemala
10,17.743976211024805,Guatemala
11,14.978009589041097,Guatemala
12,12.488278313359572,Guatemala
01,11.635348180539687,Guernsey
02,12.577013608582863,Guernsey
03,14.57424544136386,Guernsey
04,16.969518652622337,Guernsey
05,19.523826324124585,Guernsey
06,21.22447707777459,Guernsey
07,22.207359550068105,Guernsey
08,22.016857218298238,Guernsey
09,20.380570169626292,Guernsey
10,17.743976211024805,Guernsey
11,14.978009589041097,Guernsey
12,12.488278313359572,Guernsey
01,11.635348180539687,Guinea Bissau
02,12.577013608582863,Guinea Bissau
03,14.57424544136386,Guinea Bissau
04,16.969518652622337,Guinea Bissau
05,19.523826324124585,Guinea Bissau
06,21.22447707777459,Guinea Bissau
07,22.207359550068105,Guinea Bissau
08,22.016857218298238,Guinea Bissau
09,20.380570169626292,Guinea Bissau
10,17.743976211024805,Guinea Bissau
11,14.978009589041097,Guinea Bissau
12,12.488278313359572,Guinea Bissau
01,11.635348180539687,Guinea
02,12.577013608582863,Guinea
03,14.57424544136386,Guinea
04,16.969518652622337,Guinea
05,19.523826324124585,Guinea
06,21.22447707777459,Guinea
07,22.207359550068105,Guinea
08,22.016857218298238,Guinea
09,20.380570169626292,Guinea
10,17.743976211024805,Guinea
11,14.978009589041097,Guinea
12,12.488278313359572,Guinea
01,11.635348180539687,Guyana
02,12.577013608582863,Guyana
03,14.57424544136386,Guyana
04,16.969518652622337,Guyana
05,19.523826324124585,Guyana
06,21.22447707777459,Guyana
07,22.207359550068105,Guyana
08,22.016857218298238,Guyana
09,20.380570169626292,Guyana
10,17.743976211024805,Guyana
11,14.978009589041097,Guyana
12,12.488278313359572,Guyana
01,11.635348180539687,Haiti
02,12.577013608582863,Haiti
03,14.57424544136386,Haiti
04,16.969518652622337,Haiti
05,19.523826324124585,Haiti
06,21.22447707777459,Haiti
07,22.207359550068105,Haiti
08,22.016857218298238,Haiti
09,20.380570169626292,Haiti
10,17.743976211024805,Haiti
11,14.978009589041097,Haiti
12,12.488278313359572,Haiti
01,11.635348180539687,Heard Island And Mcdonald Islands
02,12.577013608582863,Heard Island And Mcdonald Islands
03,14.57424544136386,Heard Island And Mcdonald Islands
04,16.969518652622337,Heard Island And Mcdonald Islands
05,19.523826324124585,Heard Island And Mcdonald Islands
06,21.22447707777459,Heard Island And Mcdonald Islands
07,22.207359550068105,Heard Island And Mcdonald Islands
08,22.016857218298238,Heard Island And Mcdonald Islands
09,20.380570169626292,Heard Island And Mcdonald Islands
10,17.743976211024805,Heard Island And Mcdonald Islands
11,14.978009589041097,Heard Island And Mcdonald Islands
12,12.488278313359572,Heard Island And Mcdonald Islands
01,11.635348180539687,Honduras
02,12.577013608582863,Honduras
03,14.57424544136386,Honduras
04,16.969518652622337,Honduras
05,19.523826324124585,Honduras
06,21.22447707777459,Honduras
07,22.207359550068105,Honduras
08,22.016857218298238,Honduras
09,20.380570169626292,Honduras
10,17.743976211024805,Honduras
11,14.978009589041097,Honduras
12,12.488278313359572,Honduras
01,11.635348180539687,Hong Kong
02,12.577013608582863,Hong Kong
03,14.57424544136386,Hong Kong
04,16.969518652622337,Hong Kong
05,19.523826324124585,Hong Kong
06,21.22447707777459,Hong Kong
07,22.207359550068105,Hong Kong
08,22.016857218298238,Hong Kong
09,20.380570169626292,Hong Kong
10,17.743976211024805,Hong Kong
11,14.978009589041097,Hong Kong
12,12.488278313359572,Hong Kong
01,11.635348180539687,Hungary
02,12.577013608582863,Hungary
03,14.57424544136386,Hungary
04,16.969518652622337,Hungary
05,19.523826324124585,Hungary
06,21.22447707777459,Hungary
07,22.207359550068105,Hungary
08,22.016857218298238,Hungary
09,20.380570169626292,Hungary
10,17.743976211024805,Hungary
11,14.978009589041097,Hungary
12,12.488278313359572,Hungary
01,11.635348180539687,Iceland
02,12.577013608582863,Iceland
03,14.57424544136386,Iceland
04,16.969518652622337,Iceland
05,19.523826324124585,Iceland
06,21.22447707777459,Iceland
07,22.207359550068105,Iceland
08,22.016857218298238,Iceland
09,20.380570169626292,Iceland
10,17.743976211024805,Iceland
11,14.978009589041097,Iceland
12,12.488278313359572,Iceland
01,11.635348180539687,India
02,12.577013608582863,India
03,14.57424544136386,India
04,16.969518652622337,India
05,19.523826324124585,India
06,21.22447707777459,India
07,22.207359550068105,India
08,22.016857218298238,India
09,20.380570169626292,India
10,17.743976211024805,India
11,14.978009589041097,India
12,12.488278313359572,India
01,11.635348180539687,Indonesia
02,12.577013608582863,Indonesia
03,14.57424544136386,Indonesia
04,16.969518652622337,Indonesia
05,19.523826324124585,Indonesia
06,21.22447707777459,Indonesia
07,22.207359550068105,Indonesia
08,22.016857218298238,Indonesia
09,20.380570169626292,Indonesia
10,17.743976211024805,Indonesia
11,14.978009589041097,Indonesia
12,12.488278313359572,Indonesia
01,11.635348180539687,Iran
02,12.577013608582863,Iran
03,14.57424544136386,Iran
04,16.969518652622337,Iran
05,19.523826324124585,Iran
06,21.22447707777459,Iran
07,22.207359550068105,Iran
08,22.016857218298238,Iran
09,20.380570169626292,Iran
10,17.743976211024805,Iran
11,14.978009589041097,Iran
12,12.488278313359572,Iran
01,11.635348180539687,Iraq
02,12.577013608582863,Iraq
03,14.57424544136386,Iraq
04,16.969518652622337,Iraq
05,19.523826324124585,Iraq
06,21.22447707777459,Iraq
07,22.207359550068105,Iraq
08,22.016857218298238,Iraq
09,20.380570169626292,Iraq
10,17.743976211024805,Iraq
11,14.978009589041097,Iraq
12,12.488278313359572,Iraq
01,11.635348180539687,Ireland
02,12.577013608582863,Ireland
03,14.57424544136386,Ireland
04,16.969518652622337,Ireland
05,19.523826324124585,Ireland
06,21.22447707777459,Ireland
07,22.207359550068105,Ireland
08,22.016857218298238,Ireland
09,20.380570169626292,Ireland
10,17.743976211024805,Ireland
11,14.978009589041097,Ireland
12,12.488278313359572,Ireland
01,11.635348180539687,Isle Of Man
02,12.577013608582863,Isle Of Man
03,14.57424544136386,Isle Of Man
04,16.969518652622337,Isle Of Man
05,19.523826324124585,Isle Of Man
06,21.22447707777459,Isle Of Man
07,22.207359550068105,Isle Of Man
08,22.016857218298238,Isle Of Man
09,20.380570169626292,Isle Of Man
10,17.743976211024805,Isle Of Man
11,14.978009589041097,Isle Of Man
12,12.488278313359572,Isle Of Man
01,11.635348180539687,Israel
02,12.577013608582863,Israel
03,14.57424544136386,Israel
04,16.969518652622337,Israel
05,19.523826324124585,Israel
06,21.22447707777459,Israel
07,22.207359550068105,Israel
08,22.016857218298238,Israel
09,20.380570169626292,Israel
10,17.743976211024805,Israel
11,14.978009589041097,Israel
12,12.488278313359572,Israel
01,11.635348180539687,Italy
02,12.577013608582863,Italy
03,14.57424544136386,Italy
04,16.969518652622337,Italy
05,19.523826324124585,Italy
06,21.22447707777459,Italy
07,22.207359550068105,Italy
08,22.016857218298238,Italy
09,20.380570169626292,Italy
10,17.743976211024805,Italy
11,14.978009589041097,Italy
12,12.488278313359572,Italy
01,11.635348180539687,Jamaica
02,12.577013608582863,Jamaica
03,14.57424544136386,Jamaica
04,16.969518652622337,Jamaica
05,19.523826324124585,Jamaica
06,21.22447707777459,Jamaica
07,22.207359550068105,Jamaica
08,22.016857218298238,Jamaica
09,20.380570169626292,Jamaica
10,17.743976211024805,Jamaica
11,14.978009589041097,Jamaica
12,12.488278313359572,Jamaica
01,11.635348180539687,Japan
02,12.577013608582863,Japan
03,14.57424544136386,Japan
04,16.969518652622337,Japan
05,19.523826324124585,Japan
06,21.22447707777459,Japan
07,22.207359550068105,Japan
08,22.016857218298238,Japan
09,20.380570169626292,Japan
10,17.743976211024805,Japan
11,14.978009589041097,Japan
12,12.488278313359572,Japan
01,11.635348180539687,Jersey
02,12.577013608582863,Jersey
03,14.57424544136386,Jersey
04,16.969518652622337,Jersey
05,19.523826324124585,Jersey
06,21.22447707777459,Jersey
07,22.207359550068105,Jersey
08,22.016857218298238,Jersey
09,20.380570169626292,Jersey
10,17.743976211024805,Jersey
11,14.978009589041097,Jersey
12,12.488278313359572,Jersey
01,11.635348180539687,Jordan
02,12.577013608582863,Jordan
03,14.57424544136386,Jordan
04,16.969518652622337,Jordan
05,19.523826324124585,Jordan
06,21.22447707777459,Jordan
07,22.207359550068105,Jordan
08,22.016857218298238,Jordan
09,20.380570169626292,Jordan
10,17.743976211024805,Jordan
11,14.978009589041097,Jordan
12,12.488278313359572,Jordan
01,11.635348180539687,Kazakhstan
02,12.577013608582863,Kazakhstan
03,14.57424544136386,Kazakhstan
04,16.969518652622337,Kazakhstan
05,19.523826324124585,Kazakhstan
06,21.22447707777459,Kazakhstan
07,22.207359550068105,Kazakhstan
08,22.016857218298238,Kazakhstan
09,20.380570169626292,Kazakhstan
10,17.743976211024805,Kazakhstan
11,14.978009589041097,Kazakhstan
12,12.488278313359572,Kazakhstan
01,11.635348180539687,Kenya
02,12.577013608582863,Kenya
03,14.57424544136386,Kenya
04,16.969518652622337,Kenya
05,19.523826324124585,Kenya
06,21.22447707777459,Kenya
07,22.207359550068105,Kenya
08,22.016857218298238,Kenya
09,20.380570169626292,Kenya
10,17.743976211024805,Kenya
11,14.978009589041097,Kenya
12,12.488278313359572,Kenya
01,11.635348180539687,Kingman Reef
02,12.577013608582863,Kingman Reef
03,14.57424544136386,Kingman Reef
04,16.969518652622337,Kingman Reef
05,19.523826324124585,Kingman Reef
06,21.22447707777459,Kingman Reef
07,22.207359550068105,Kingman Reef
08,22.016857218298238,Kingman Reef
09,20.380570169626292,Kingman Reef
10,17.743976211024805,Kingman Reef
11,14.978009589041097,Kingman Reef
12,12.488278313359572,Kingman Reef
01,11.635348180539687,Kiribati
02,12.577013608582863,Kiribati
03,14.57424544136386,Kiribati
04,16.969518652622337,Kiribati
05,19.523826324124585,Kiribati
06,21.22447707777459,Kiribati
07,22.207359550068105,Kiribati
08,22.016857218298238,Kiribati
09,20.380570169626292,Kiribati
10,17.743976211024805,Kiribati
11,14.978009589041097,Kiribati
12,12.488278313359572,Kiribati
01,11.635348180539687,Kuwait
02,12.577013608582863,Kuwait
03,14.57424544136386,Kuwait
04,16.969518652622337,Kuwait
05,19.523826324124585,Kuwait
06,21.22447707777459,Kuwait
07,22.207359550068105,Kuwait
08,22.016857218298238,Kuwait
09,20.380570169626292,Kuwait
10,17.743976211024805,Kuwait
11,14.978009589041097,Kuwait
12,12.488278313359572,Kuwait
01,11.635348180539687,Kyrgyzstan
02,12.577013608582863,Kyrgyzstan
03,14.57424544136386,Kyrgyzstan
04,16.969518652622337,Kyrgyzstan
05,19.523826324124585,Kyrgyzstan
06,21.22447707777459,Kyrgyzstan
07,22.207359550068105,Kyrgyzstan
08,22.016857218298238,Kyrgyzstan
09,20.380570169626292,Kyrgyzstan
10,17.743976211024805,Kyrgyzstan
11,14.978009589041097,Kyrgyzstan
12,12.488278313359572,Kyrgyzstan
01,11.635348180539687,Laos
02,12.577013608582863,Laos
03,14.57424544136386,Laos
04,16.969518652622337,Laos
05,19.523826324124585,Laos
06,21.22447707777459,Laos
07,22.207359550068105,Laos
08,22.016857218298238,Laos
09,20.380570169626292,Laos
10,17.743976211024805,Laos
11,14.978009589041097,Laos
12,12.488278313359572,Laos
01,11.635348180539687,Latvia
02,12.577013608582863,Latvia
03,14.57424544136386,Latvia
04,16.969518652622337,Latvia
05,19.523826324124585,Latvia
06,21.22447707777459,Latvia
07,22.207359550068105,Latvia
08,22.016857218298238,Latvia
09,20.380570169626292,Latvia
10,17.743976211024805,Latvia
11,14.978009589041097,Latvia
12,12.488278313359572,Latvia
01,11.635348180539687,Lebanon
02,12.577013608582863,Lebanon
03,14.57424544136386,Lebanon
04,16.969518652622337,Lebanon
05,19.523826324124585,Lebanon
06,21.22447707777459,Lebanon
07,22.207359550068105,Lebanon
08,22.016857218298238,Lebanon
09,20.380570169626292,Lebanon
10,17.743976211024805,Lebanon
11,14.978009589041097,Lebanon
12,12.488278313359572,Lebanon
01,11.635348180539687,Lesotho
02,12.577013608582863,Lesotho
03,14.57424544136386,Lesotho
04,16.969518652622337,Lesotho
05,19.523826324124585,Lesotho
06,21.22447707777459,Lesotho
07,22.207359550068105,Lesotho
08,22.016857218298238,Lesotho
09,20.380570169626292,Lesotho
10,17.743976211024805,Lesotho
11,14.978009589041097,Lesotho
12,12.488278313359572,Lesotho
01,11.635348180539687,Liberia
02,12.577013608582863,Liberia
03,14.57424544136386,Liberia
04,16.969518652622337,Liberia
05,19.523826324124585,Liberia
06,21.22447707777459,Liberia
07,22.207359550068105,Liberia
08,22.016857218298238,Liberia
09,20.380570169626292,Liberia
10,17.743976211024805,Liberia
11,14.978009589041097,Liberia
12,12.488278313359572,Liberia
01,11.635348180539687,Libya
02,12.577013608582863,Libya
03,14.57424544136386,Libya
04,16.969518652622337,Libya
05,19.523826324124585,Libya
06,21.22447707777459,Libya
07,22.207359550068105,Libya
08,22.016857218298238,Libya
09,20.380570169626292,Libya
10,17.743976211024805,Libya
11,14.978009589041097,Libya
12,12.488278313359572,Libya
01,11.635348180539687,Liechtenstein
02,12.577013608582863,Liechtenstein
03,14.57424544136386,Liechtenstein
04,16.969518652622337,Liechtenstein
05,19.523826324124585,Liechtenstein
06,21.22447707777459,Liechtenstein
07,22.207359550068105,Liechtenstein
08,22.016857218298238,Liechtenstein
09,20.380570169626292,Liechtenstein
10,17.743976211024805,Liechtenstein
11,14.978009589041097,Liechtenstein
12,12.488278313359572,Liechtenstein
01,11.635348180539687,Lithuania
02,12.577013608582863,Lithuania
03,14.57424544136386,Lithuania
04,16.969518652622337,Lithuania
05,19.523826324124585,Lithuania
06,21.22447707777459,Lithuania
07,22.207359550068105,Lithuania
08,22.016857218298238,Lithuania
09,20.380570169626292,Lithuania
10,17.743976211024805,Lithuania
11,14.978009589041097,Lithuania
12,12.488278313359572,Lithuania
01,11.635348180539687,Luxembourg
02,12.577013608582863,Luxembourg
03,14.57424544136386,Luxembourg
04,16.969518652622337,Luxembourg
05,19.523826324124585,Luxembourg
06,21.22447707777459,Luxembourg
07,22.207359550068105,Luxembourg
08,22.016857218298238,Luxembourg
09,20.380570169626292,Luxembourg
10,17.743976211024805,Luxembourg
11,14.978009589041097,Luxembourg
12,12.488278313359572,Luxembourg
01,11.635348180539687,Macau
02,12.577013608582863,Macau
03,14.57424544136386,Macau
04,16.969518652622337,Macau
05,19.523826324124585,Macau
06,21.22447707777459,Macau
07,22.207359550068105,Macau
08,22.016857218298238,Macau
09,20.380570169626292,Macau
10,17.743976211024805,Macau
11,14.978009589041097,Macau
12,12.488278313359572,Macau
01,11.635348180539687,Macedonia
02,12.577013608582863,Macedonia
03,14.57424544136386,Macedonia
04,16.969518652622337,Macedonia
05,19.523826324124585,Macedonia
06,21.22447707777459,Macedonia
07,22.207359550068105,Macedonia
08,22.016857218298238,Macedonia
09,20.380570169626292,Macedonia
10,17.743976211024805,Macedonia
11,14.978009589041097,Macedonia
12,12.488278313359572,Macedonia
01,11.635348180539687,Madagascar
02,12.577013608582863,Madagascar
03,14.57424544136386,Madagascar
04,16.969518652622337,Madagascar
05,19.523826324124585,Madagascar
06,21.22447707777459,Madagascar
07,22.207359550068105,Madagascar
08,22.016857218298238,Madagascar
09,20.380570169626292,Madagascar
10,17.743976211024805,Madagascar
11,14.978009589041097,Madagascar
12,12.488278313359572,Madagascar
01,11.635348180539687,Malawi
02,12.577013608582863,Malawi
03,14.57424544136386,Malawi
04,16.969518652622337,Malawi
05,19.523826324124585,Malawi
06,21.22447707777459,Malawi
07,22.207359550068105,Malawi
08,22.016857218298238,Malawi
09,20.380570169626292,Malawi
10,17.743976211024805,Malawi
11,14.978009589041097,Malawi
12,12.488278313359572,Malawi
01,11.635348180539687,Malaysia
02,12.577013608582863,Malaysia
03,14.57424544136386,Malaysia
04,16.969518652622337,Malaysia
05,19.523826324124585,Malaysia
06,21.22447707777459,Malaysia
07,22.207359550068105,Malaysia
08,22.016857218298238,Malaysia
09,20.380570169626292,Malaysia
10,17.743976211024805,Malaysia
11,14.978009589041097,Malaysia
12,12.488278313359572,Malaysia
01,11.635348180539687,Mali
02,12.577013608582863,Mali
03,14.57424544136386,Mali
04,16.969518652622337,Mali
05,19.523826324124585,Mali
06,21.22447707777459,Mali
07,22.207359550068105,Mali
08,22.016857218298238,Mali
09,20.380570169626292,Mali
10,17.743976211024805,Mali
11,14.978009589041097,Mali
12,12.488278313359572,Mali
01,11.635348180539687,Malta
02,12.577013608582863,Malta
03,14.57424544136386,Malta
04,16.969518652622337,Malta
05,19.523826324124585,Malta
06,21.22447707777459,Malta
07,22.207359550068105,Malta
08,22.016857218298238,Malta
09,20.380570169626292,Malta
10,17.743976211024805,Malta
11,14.978009589041097,Malta
12,12.488278313359572,Malta
01,11.635348180539687,Martinique
02,12.577013608582863,Martinique
03,14.57424544136386,Martinique
04,16.969518652622337,Martinique
05,19.523826324124585,Martinique
06,21.22447707777459,Martinique
07,22.207359550068105,Martinique
08,22.016857218298238,Martinique
09,20.380570169626292,Martinique
10,17.743976211024805,Martinique
11,14.978009589041097,Martinique
12,12.488278313359572,Martinique
01,11.635348180539687,Mauritania
02,12.577013608582863,Mauritania
03,14.57424544136386,Mauritania
04,16.969518652622337,Mauritania
05,19.523826324124585,Mauritania
06,21.22447707777459,Mauritania
07,22.207359550068105,Mauritania
08,22.016857218298238,Mauritania
09,20.380570169626292,Mauritania
10,17.743976211024805,Mauritania
11,14.978009589041097,Mauritania
12,12.488278313359572,Mauritania
01,11.635348180539687,Mauritius
02,12.577013608582863,Mauritius
03,14.57424544136386,Mauritius
04,16.969518652622337,Mauritius
05,19.523826324124585,Mauritius
06,21.22447707777459,Mauritius
07,22.207359550068105,Mauritius
08,22.016857218298238,Mauritius
09,20.380570169626292,Mauritius
10,17.743976211024805,Mauritius
11,14.978009589041097,Mauritius
12,12.488278313359572,Mauritius
01,11.635348180539687,Mayotte
02,12.577013608582863,Mayotte
03,14.57424544136386,Mayotte
04,16.969518652622337,Mayotte
05,19.523826324124585,Mayotte
06,21.22447707777459,Mayotte
07,22.207359550068105,Mayotte
08,22.016857218298238,Mayotte
09,20.380570169626292,Mayotte
10,17.743976211024805,Mayotte
11,14.978009589041097,Mayotte
12,12.488278313359572,Mayotte
01,11.635348180539687,Mexico
02,12.577013608582863,Mexico
03,14.57424544136386,Mexico
04,16.969518652622337,Mexico
05,19.523826324124585,Mexico
06,21.22447707777459,Mexico
07,22.207359550068105,Mexico
08,22.016857218298238,Mexico
09,20.380570169626292,Mexico
10,17.743976211024805,Mexico
11,14.978009589041097,Mexico
12,12.488278313359572,Mexico
01,11.635348180539687,Moldova
02,12.577013608582863,Moldova
03,14.57424544136386,Moldova
04,16.969518652622337,Moldova
05,19.523826324124585,Moldova
06,21.22447707777459,Moldova
07,22.207359550068105,Moldova
08,22.016857218298238,Moldova
09,20.380570169626292,Moldova
10,17.743976211024805,Moldova
11,14.978009589041097,Moldova
12,12.488278313359572,Moldova
01,11.635348180539687,Monaco
02,12.577013608582863,Monaco
03,14.57424544136386,Monaco
04,16.969518652622337,Monaco
05,19.523826324124585,Monaco
06,21.22447707777459,Monaco
07,22.207359550068105,Monaco
08,22.016857218298238,Monaco
09,20.380570169626292,Monaco
10,17.743976211024805,Monaco
11,14.978009589041097,Monaco
12,12.488278313359572,Monaco
01,11.635348180539687,Mongolia
02,12.577013608582863,Mongolia
03,14.57424544136386,Mongolia
04,16.969518652622337,Mongolia
05,19.523826324124585,Mongolia
06,21.22447707777459,Mongolia
07,22.207359550068105,Mongolia
08,22.016857218298238,Mongolia
09,20.380570169626292,Mongolia
10,17.743976211024805,Mongolia
11,14.978009589041097,Mongolia
12,12.488278313359572,Mongolia
01,11.635348180539687,Montenegro
02,12.577013608582863,Montenegro
03,14.57424544136386,Montenegro
04,16.969518652622337,Montenegro
05,19.523826324124585,Montenegro
06,21.22447707777459,Montenegro
07,22.207359550068105,Montenegro
08,22.016857218298238,Montenegro
09,20.380570169626292,Montenegro
10,17.743976211024805,Montenegro
11,14.978009589041097,Montenegro
12,12.488278313359572,Montenegro
01,11.635348180539687,Montserrat
02,12.577013608582863,Montserrat
03,14.57424544136386,Montserrat
04,16.969518652622337,Montserrat
05,19.523826324124585,Montserrat
06,21.22447707777459,Montserrat
07,22.207359550068105,Montserrat
08,22.016857218298238,Montserrat
09,20.380570169626292,Montserrat
10,17.743976211024805,Montserrat
11,14.978009589041097,Montserrat
12,12.488278313359572,Montserrat
01,11.635348180539687,Morocco
02,12.577013608582863,Morocco
03,14.57424544136386,Morocco
04,16.969518652622337,Morocco
05,19.523826324124585,Morocco
06,21.22447707777459,Morocco
07,22.207359550068105,Morocco
08,22.016857218298238,Morocco
09,20.380570169626292,Morocco
10,17.743976211024805,Morocco
11,14.978009589041097,Morocco
12,12.488278313359572,Morocco
01,11.635348180539687,Mozambique
02,12.577013608582863,Mozambique
03,14.57424544136386,Mozambique
04,16.969518652622337,Mozambique
05,19.523826324124585,Mozambique
06,21.22447707777459,Mozambique
07,22.207359550068105,Mozambique
08,22.016857218298238,Mozambique
09,20.380570169626292,Mozambique
10,17.743976211024805,Mozambique
11,14.978009589041097,Mozambique
12,12.488278313359572,Mozambique
01,11.635348180539687,Namibia
02,12.577013608582863,Namibia
03,14.57424544136386,Namibia
04,16.969518652622337,Namibia
05,19.523826324124585,Namibia
06,21.22447707777459,Namibia
07,22.207359550068105,Namibia
08,22.016857218298238,Namibia
09,20.380570169626292,Namibia
10,17.743976211024805,Namibia
11,14.978009589041097,Namibia
12,12.488278313359572,Namibia
01,11.635348180539687,Nepal
02,12.577013608582863,Nepal
03,14.57424544136386,Nepal
04,16.969518652622337,Nepal
05,19.523826324124585,Nepal
06,21.22447707777459,Nepal
07,22.207359550068105,Nepal
08,22.016857218298238,Nepal
09,20.380570169626292,Nepal
10,17.743976211024805,Nepal
11,14.978009589041097,Nepal
12,12.488278313359572,Nepal
01,11.635348180539687,Netherlands (Europe)
02,12.577013608582863,Netherlands (Europe)
03,14.57424544136386,Netherlands (Europe)
04,16.969518652622337,Netherlands (Europe)
05,19.523826324124585,Netherlands (Europe)
06,21.22447707777459,Netherlands (Europe)
07,22.207359550068105,Netherlands (Europe)
08,22.016857218298238,Netherlands (Europe)
09,20.380570169626292,Netherlands (Europe)
10,17.743976211024805,Netherlands (Europe)
11,14.978009589041097,Netherlands (Europe)
12,12.488278313359572,Netherlands (Europe)
01,11.635348180539687,Netherlands
02,12.577013608582863,Netherlands
03,14.57424544136386,Netherlands
04,16.969518652622337,Netherlands
05,19.523826324124585,Netherlands
06,21.22447707777459,Netherlands
07,22.207359550068105,Netherlands
08,22.016857218298238,Netherlands
09,20.380570169626292,Netherlands
10,17.743976211024805,Netherlands
11,14.978009589041097,Netherlands
12,12.488278313359572,Netherlands
01,11.635348180539687,New Caledonia
02,12.577013608582863,New Caledonia
03,14.57424544136386,New Caledonia
04,16.969518652622337,New Caledonia
05,19.523826324124585,New Caledonia
06,21.22447707777459,New Caledonia
07,22.207359550068105,New Caledonia
08,22.016857218298238,New Caledonia
09,20.380570169626292,New Caledonia
10,17.743976211024805,New Caledonia
11,14.978009589041097,New Caledonia
12,12.488278313359572,New Caledonia
01,11.635348180539687,New Zealand
02,12.577013608582863,New Zealand
03,14.57424544136386,New Zealand
04,16.969518652622337,New Zealand
05,19.523826324124585,New Zealand
06,21.22447707777459,New Zealand
07,22.207359550068105,New Zealand
08,22.016857218298238,New Zealand
09,20.380570169626292,New Zealand
10,17.743976211024805,New Zealand
11,14.978009589041097,New Zealand
12,12.488278313359572,New Zealand
01,11.635348180539687,Nicaragua
02,12.577013608582863,Nicaragua
03,14.57424544136386,Nicaragua
04,16.969518652622337,Nicaragua
05,19.523826324124585,Nicaragua
06,21.22447707777459,Nicaragua
07,22.207359550068105,Nicaragua
08,22.016857218298238,Nicaragua
09,20.380570169626292,Nicaragua
10,17.743976211024805,Nicaragua
11,14.978009589041097,Nicaragua
12,12.488278313359572,Nicaragua
01,11.635348180539687,Niger
02,12.577013608582863,Niger
03,14.57424544136386,Niger
04,16.969518652622337,Niger
05,19.523826324124585,Niger
06,21.22447707777459,Niger
07,22.207359550068105,Niger
08,22.016857218298238,Niger
09,20.380570169626292,Niger
10,17.743976211024805,Niger
11,14.978009589041097,Niger
12,12.488278313359572,Niger
01,11.635348180539687,Nigeria
02,12.577013608582863,Nigeria
03,14.57424544136386,Nigeria
04,16.969518652622337,Nigeria
05,19.523826324124585,Nigeria
06,21.22447707777459,Nigeria
07,22.207359550068105,Nigeria
08,22.016857218298238,Nigeria
09,20.380570169626292,Nigeria
10,17.743976211024805,Nigeria
11,14.978009589041097,Nigeria
12,12.488278313359572,Nigeria
01,11.635348180539687,Niue
02,12.577013608582863,Niue
03,14.57424544136386,Niue
04,16.969518652622337,Niue
05,19.523826324124585,Niue
06,21.22447707777459,Niue
07,22.207359550068105,Niue
08,22.016857218298238,Niue
09,20.380570169626292,Niue
10,17.743976211024805,Niue
11,14.978009589041097,Niue
12,12.488278313359572,Niue
01,11.635348180539687,North America
02,12.577013608582863,North America
03,14.57424544136386,North America
04,16.969518652622337,North America
05,19.523826324124585,North America
06,21.22447707777459,North America
07,22.207359550068105,North America
08,22.016857218298238,North America
09,20.380570169626292,North America
10,17.743976211024805,North America
11,14.978009589041097,North America
12,12.488278313359572,North America
01,11.635348180539687,North Korea
02,12.577013608582863,North Korea
03,14.57424544136386,North Korea
04,16.969518652622337,North Korea
05,19.523826324124585,North Korea
06,21.22447707777459,North Korea
07,22.207359550068105,North Korea
08,22.016857218298238,North Korea
09,20.380570169626292,North Korea
10,17.743976211024805,North Korea
11,14.978009589041097,North Korea
12,12.488278313359572,North Korea
01,11.635348180539687,Northern Mariana Islands
02,12.577013608582863,Northern Mariana Islands
03,14.57424544136386,Northern Mariana Islands
04,16.969518652622337,Northern Mariana Islands
05,19.523826324124585,Northern Mariana Islands
06,21.22447707777459,Northern Mariana Islands
07,22.207359550068105,Northern Mariana Islands
08,22.016857218298238,Northern Mariana Islands
09,20.380570169626292,Northern Mariana Islands
10,17.743976211024805,Northern Mariana Islands
11,14.978009589041097,Northern Mariana Islands
12,12.488278313359572,Northern Mariana Islands
01,11.635348180539687,Norway
02,12.577013608582863,Norway
03,14.57424544136386,Norway
04,16.969518652622337,Norway
05,19.523826324124585,Norway
06,21.22447707777459,Norway
07,22.207359550068105,Norway
08,22.016857218298238,Norway
09,20.380570169626292,Norway
10,17.743976211024805,Norway
11,14.978009589041097,Norway
12,12.488278313359572,Norway
01,11.635348180539687,Oceania
02,12.577013608582863,Oceania
03,14.57424544136386,Oceania
04,16.969518652622337,Oceania
05,19.523826324124585,Oceania
06,21.22447707777459,Oceania
07,22.207359550068105,Oceania
08,22.016857218298238,Oceania
09,20.380570169626292,Oceania
10,17.743976211024805,Oceania
11,14.978009589041097,Oceania
12,12.488278313359572,Oceania
01,11.635348180539687,Oman
02,12.577013608582863,Oman
03,14.57424544136386,Oman
04,16.969518652622337,Oman
05,19.523826324124585,Oman
06,21.22447707777459,Oman
07,22.207359550068105,Oman
08,22.016857218298238,Oman
09,20.380570169626292,Oman
10,17.743976211024805,Oman
11,14.978009589041097,Oman
12,12.488278313359572,Oman
01,11.635348180539687,Pakistan
02,12.577013608582863,Pakistan
03,14.57424544136386,Pakistan
04,16.969518652622337,Pakistan
05,19.523826324124585,Pakistan
06,21.22447707777459,Pakistan
07,22.207359550068105,Pakistan
08,22.016857218298238,Pakistan
09,20.380570169626292,Pakistan
10,17.743976211024805,Pakistan
11,14.978009589041097,Pakistan
12,12.488278313359572,Pakistan
01,11.635348180539687,Palau
02,12.577013608582863,Palau
03,14.57424544136386,Palau
04,16.969518652622337,Palau
05,19.523826324124585,Palau
06,21.22447707777459,Palau
07,22.207359550068105,Palau
08,22.016857218298238,Palau
09,20.380570169626292,Palau
10,17.743976211024805,Palau
11,14.978009589041097,Palau
12,12.488278313359572,Palau
01,11.635348180539687,Palestina
02,12.577013608582863,Palestina
03,14.57424544136386,Palestina
04,16.969518652622337,Palestina
05,19.523826324124585,Palestina
06,21.22447707777459,Palestina
07,22.207359550068105,Palestina
08,22.016857218298238,Palestina
09,20.380570169626292,Palestina
10,17.743976211024805,Palestina
11,14.978009589041097,Palestina
12,12.488278313359572,Palestina
01,11.635348180539687,Palmyra Atoll
02,12.577013608582863,Palmyra Atoll
03,14.57424544136386,Palmyra Atoll
04,16.969518652622337,Palmyra Atoll
05,19.523826324124585,Palmyra Atoll
06,21.22447707777459,Palmyra Atoll
07,22.207359550068105,Palmyra Atoll
08,22.016857218298238,Palmyra Atoll
09,20.380570169626292,Palmyra Atoll
10,17.743976211024805,Palmyra Atoll
11,14.978009589041097,Palmyra Atoll
12,12.488278313359572,Palmyra Atoll
01,11.635348180539687,Panama
02,12.577013608582863,Panama
03,14.57424544136386,Panama
04,16.969518652622337,Panama
05,19.523826324124585,Panama
06,21.22447707777459,Panama
07,22.207359550068105,Panama
08,22.016857218298238,Panama
09,20.380570169626292,Panama
10,17.743976211024805,Panama
11,14.978009589041097,Panama
12,12.488278313359572,Panama
01,11.635348180539687,Papua New Guinea
02,12.577013608582863,Papua New Guinea
03,14.57424544136386,Papua New Guinea
04,16.969518652622337,Papua New Guinea
05,19.523826324124585,Papua New Guinea
06,21.22447707777459,Papua New Guinea
07,22.207359550068105,Papua New Guinea
08,22.016857218298238,Papua New Guinea
09,20.380570169626292,Papua New Guinea
10,17.743976211024805,Papua New Guinea
11,14.978009589041097,Papua New Guinea
12,12.488278313359572,Papua New Guinea
01,11.635348180539687,Paraguay
02,12.577013608582863,Paraguay
03,14.57424544136386,Paraguay
04,16.969518652622337,Paraguay
05,19.523826324124585,Paraguay
06,21.22447707777459,Paraguay
07,22.207359550068105,Paraguay
08,22.016857218298238,Paraguay
09,20.380570169626292,Paraguay
10,17.743976211024805,Paraguay
11,14.978009589041097,Paraguay
12,12.488278313359572,Paraguay
01,11.635348180539687,Peru
02,12.577013608582863,Peru
03,14.57424544136386,Peru
04,16.969518652622337,Peru
05,19.523826324124585,Peru
06,21.22447707777459,Peru
07,22.207359550068105,Peru
08,22.016857218298238,Peru
09,20.380570169626292,Peru
10,17.743976211024805,Peru
11,14.978009589041097,Peru
12,12.488278313359572,Peru
01,11.635348180539687,Philippines
02,12.577013608582863,Philippines
03,14.57424544136386,Philippines
04,16.969518652622337,Philippines
05,19.523826324124585,Philippines
06,21.22447707777459,Philippines
07,22.207359550068105,Philippines
08,22.016857218298238,Philippines
09,20.380570169626292,Philippines
10,17.743976211024805,Philippines
11,14.978009589041097,Philippines
12,12.488278313359572,Philippines
01,11.635348180539687,Poland
02,12.577013608582863,Poland
03,14.57424544136386,Poland
04,16.969518652622337,Poland
05,19.523826324124585,Poland
06,21.22447707777459,Poland
07,22.207359550068105,Poland
08,22.016857218298238,Poland
09,20.380570169626292,Poland
10,17.743976211024805,Poland
11,14.978009589041097,Poland
12,12.488278313359572,Poland
01,11.635348180539687,Portugal
02,12.577013608582863,Portugal
03,14.57424544136386,Portugal
04,16.969518652622337,Portugal
05,19.523826324124585,Portugal
06,21.22447707777459,Portugal
07,22.207359550068105,Portugal
08,22.016857218298238,Portugal
09,20.380570169626292,Portugal
10,17.743976211024805,Portugal
11,14.978009589041097,Portugal
12,12.488278313359572,Portugal
01,11.635348180539687,Puerto Rico
02,12.577013608582863,Puerto Rico
03,14.57424544136386,Puerto Rico
04,16.969518652622337,Puerto Rico
05,19.523826324124585,Puerto Rico
06,21.22447707777459,Puerto Rico
07,22.207359550068105,Puerto Rico
08,22.016857218298238,Puerto Rico
09,20.380570169626292,Puerto Rico
10,17.743976211024805,Puerto Rico
11,14.978009589041097,Puerto Rico
12,12.488278313359572,Puerto Rico
01,11.635348180539687,Qatar
02,12.577013608582863,Qatar
03,14.57424544136386,Qatar
04,16.969518652622337,Qatar
05,19.523826324124585,Qatar
06,21.22447707777459,Qatar
07,22.207359550068105,Qatar
08,22.016857218298238,Qatar
09,20.380570169626292,Qatar
10,17.743976211024805,Qatar
11,14.978009589041097,Qatar
12,12.488278313359572,Qatar
01,11.635348180539687,Reunion
02,12.577013608582863,Reunion
03,14.57424544136386,Reunion
04,16.969518652622337,Reunion
05,19.523826324124585,Reunion
06,21.22447707777459,Reunion
07,22.207359550068105,Reunion
08,22.016857218298238,Reunion
09,20.380570169626292,Reunion
10,17.743976211024805,Reunion
11,14.978009589041097,Reunion
12,12.488278313359572,Reunion
01,11.635348180539687,Romania
02,12.577013608582863,Romania
03,14.57424544136386,Romania
04,16.969518652622337,Romania
05,19.523826324124585,Romania
06,21.22447707777459,Romania
07,22.207359550068105,Romania
08,22.016857218298238,Romania
09,20.380570169626292,Romania
10,17.743976211024805,Romania
11,14.978009589041097,Romania
12,12.488278313359572,Romania
01,11.635348180539687,Russia
02,12.577013608582863,Russia
03,14.57424544136386,Russia
04,16.969518652622337,Russia
05,19.523826324124585,Russia
06,21.22447707777459,Russia
07,22.207359550068105,Russia
08,22.016857218298238,Russia
09,20.380570169626292,Russia
10,17.743976211024805,Russia
11,14.978009589041097,Russia
12,12.488278313359572,Russia
01,11.635348180539687,Rwanda
02,12.577013608582863,Rwanda
03,14.57424544136386,Rwanda
04,16.969518652622337,Rwanda
05,19.523826324124585,Rwanda
06,21.22447707777459,Rwanda
07,22.207359550068105,Rwanda
08,22.016857218298238,Rwanda
09,20.380570169626292,Rwanda
10,17.743976211024805,Rwanda
11,14.978009589041097,Rwanda
12,12.488278313359572,Rwanda
01,11.635348180539687,Saint Barthélemy
02,12.577013608582863,Saint Barthélemy
03,14.57424544136386,Saint Barthélemy
04,16.969518652622337,Saint Barthélemy
05,19.523826324124585,Saint Barthélemy
06,21.22447707777459,Saint Barthélemy
07,22.207359550068105,Saint Barthélemy
08,22.016857218298238,Saint Barthélemy
09,20.380570169626292,Saint Barthélemy
10,17.743976211024805,Saint Barthélemy
11,14.978009589041097,Saint Barthélemy
12,12.488278313359572,Saint Barthélemy
01,11.635348180539687,Saint Kitts And Nevis
02,12.577013608582863,Saint Kitts And Nevis
03,14.57424544136386,Saint Kitts And Nevis
04,16.969518652622337,Saint Kitts And Nevis
05,19.523826324124585,Saint Kitts And Nevis
06,21.22447707777459,Saint Kitts And Nevis
07,22.207359550068105,Saint Kitts And Nevis
08,22.016857218298238,Saint Kitts And Nevis
09,20.380570169626292,Saint Kitts And Nevis
10,17.743976211024805,Saint Kitts And Nevis
11,14.978009589041097,Saint Kitts And Nevis
12,12.488278313359572,Saint Kitts And Nevis
01,11.635348180539687,Saint Lucia
02,12.577013608582863,Saint Lucia
03,14.57424544136386,Saint Lucia
04,16.969518652622337,Saint Lucia
05,19.523826324124585,Saint Lucia
06,21.22447707777459,Saint Lucia
07,22.207359550068105,Saint Lucia
08,22.016857218298238,Saint Lucia
09,20.380570169626292,Saint Lucia
10,17.743976211024805,Saint Lucia
11,14.978009589041097,Saint Lucia
12,12.488278313359572,Saint Lucia
01,11.635348180539687,Saint Martin
02,12.577013608582863,Saint Martin
03,14.57424544136386,Saint Martin
04,16.969518652622337,Saint Martin
05,19.523826324124585,Saint Martin
06,21.22447707777459,Saint Martin
07,22.207359550068105,Saint Martin
08,22.016857218298238,Saint Martin
09,20.380570169626292,Saint Martin
10,17.743976211024805,Saint Martin
11,14.978009589041097,Saint Martin
12,12.488278313359572,Saint Martin
01,11.635348180539687,Saint Pierre And Miquelon
02,12.577013608582863,Saint Pierre And Miquelon
03,14.57424544136386,Saint Pierre And Miquelon
04,16.969518652622337,Saint Pierre And Miquelon
05,19.523826324124585,Saint Pierre And Miquelon
06,21.22447707777459,Saint Pierre And Miquelon
07,22.207359550068105,Saint Pierre And Miquelon
08,22.016857218298238,Saint Pierre And Miquelon
09,20.380570169626292,Saint Pierre And Miquelon
10,17.743976211024805,Saint Pierre And Miquelon
11,14.978009589041097,Saint Pierre And Miquelon
12,12.488278313359572,Saint Pierre And Miquelon
01,11.635348180539687,Saint Vincent And The Grenadines
02,12.577013608582863,Saint Vincent And The Grenadines
03,14.57424544136386,Saint Vincent And The Grenadines
04,16.969518652622337,Saint Vincent And The Grenadines
05,19.523826324124585,Saint Vincent And The Grenadines
06,21.22447707777459,Saint Vincent And The Grenadines
07,22.207359550068105,Saint Vincent And The Grenadines
08,22.016857218298238,Saint Vincent And The Grenadines
09,20.380570169626292,Saint Vincent And The Grenadines
10,17.743976211024805,Saint Vincent And The Grenadines
11,14.978009589041097,Saint Vincent And The Grenadines
12,12.488278313359572,Saint Vincent And The Grenadines
01,11.635348180539687,Samoa
02,12.577013608582863,Samoa
03,14.57424544136386,Samoa
04,16.969518652622337,Samoa
05,19.523826324124585,Samoa
06,21.22447707777459,Samoa
07,22.207359550068105,Samoa
08,22.016857218298238,Samoa
09,20.380570169626292,Samoa
10,17.743976211024805,Samoa
11,14.978009589041097,Samoa
12,12.488278313359572,Samoa
01,11.635348180539687,San Marino
02,12.577013608582863,San Marino
03,14.57424544136386,San Marino
04,16.969518652622337,San Marino
05,19.523826324124585,San Marino
06,21.22447707777459,San Marino
07,22.207359550068105,San Marino
08,22.016857218298238,San Marino
09,20.380570169626292,San Marino
10,17.743976211024805,San Marino
11,14.978009589041097,San Marino
12,12.488278313359572,San Marino
01,11.635348180539687,Sao Tome And Principe
02,12.577013608582863,Sao Tome And Principe
03,14.57424544136386,Sao Tome And Principe
04,16.969518652622337,Sao Tome And Principe
05,19.523826324124585,Sao Tome And Principe
06,21.22447707777459,Sao Tome And Principe
07,22.207359550068105,Sao Tome And Principe
08,22.016857218298238,Sao Tome And Principe
09,20.380570169626292,Sao Tome And Principe
10,17.743976211024805,Sao Tome And Principe
11,14.978009589041097,Sao Tome And Principe
12,12.488278313359572,Sao Tome And Principe
01,11.635348180539687,Saudi Arabia
02,12.577013608582863,Saudi Arabia
03,14.57424544136386,Saudi Arabia
04,16.969518652622337,Saudi Arabia
05,19.523826324124585,Saudi Arabia
06,21.22447707777459,Saudi Arabia
07,22.207359550068105,Saudi Arabia
08,22.016857218298238,Saudi Arabia
09,20.380570169626292,Saudi Arabia
10,17.743976211024805,Saudi Arabia
11,14.978009589041097,Saudi Arabia
12,12.488278313359572,Saudi Arabia
01,11.635348180539687,Senegal
02,12.577013608582863,Senegal
03,14.57424544136386,Senegal
04,16.969518652622337,Senegal
05,19.523826324124585,Senegal
06,21.22447707777459,Senegal
07,22.207359550068105,Senegal
08,22.016857218298238,Senegal
09,20.380570169626292,Senegal
10,17.743976211024805,Senegal
11,14.978009589041097,Senegal
12,12.488278313359572,Senegal
01,11.635348180539687,Serbia
02,12.577013608582863,Serbia
03,14.57424544136386,Serbia
04,16.969518652622337,Serbia
05,19.523826324124585,Serbia
06,21.22447707777459,Serbia
07,22.207359550068105,Serbia
08,22.016857218298238,Serbia
09,20.380570169626292,Serbia
10,17.743976211024805,Serbia
11,14.978009589041097,Serbia
12,12.488278313359572,Serbia
01,11.635348180539687,Seychelles
02,12.577013608582863,Seychelles
03,14.57424544136386,Seychelles
04,16.969518652622337,Seychelles
05,19.523826324124585,Seychelles
06,21.22447707777459,Seychelles
07,22.207359550068105,Seychelles
08,22.016857218298238,Seychelles
09,20.380570169626292,Seychelles
10,17.743976211024805,Seychelles
11,14.978009589041097,Seychelles
12,12.488278313359572,Seychelles
01,11.635348180539687,Sierra Leone
02,12.577013608582863,Sierra Leone
03,14.57424544136386,Sierra Leone
04,16.969518652622337,Sierra Leone
05,19.523826324124585,Sierra Leone
06,21.22447707777459,Sierra Leone
07,22.207359550068105,Sierra Leone
08,22.016857218298238,Sierra Leone
09,20.380570169626292,Sierra Leone
10,17.743976211024805,Sierra Leone
11,14.978009589041097,Sierra Leone
12,12.488278313359572,Sierra Leone
01,11.635348180539687,Singapore
02,12.577013608582863,Singapore
03,14.57424544136386,Singapore
04,16.969518652622337,Singapore
05,19.523826324124585,Singapore
06,21.22447707777459,Singapore
07,22.207359550068105,Singapore
08,22.016857218298238,Singapore
09,20.380570169626292,Singapore
10,17.743976211024805,Singapore
11,14.978009589041097,Singapore
12,12.488278313359572,Singapore
01,11.635348180539687,Sint Maarten
02,12.577013608582863,Sint Maarten
03,14.57424544136386,Sint Maarten
04,16.969518652622337,Sint Maarten
05,19.523826324124585,Sint Maarten
06,21.22447707777459,Sint Maarten
07,22.207359550068105,Sint Maarten
08,22.016857218298238,Sint Maarten
09,20.380570169626292,Sint Maarten
10,17.743976211024805,Sint Maarten
11,14.978009589041097,Sint Maarten
12,12.488278313359572,Sint Maarten
01,11.635348180539687,Slovakia
02,12.577013608582863,Slovakia
03,14.57424544136386,Slovakia
04,16.969518652622337,Slovakia
05,19.523826324124585,Slovakia
06,21.22447707777459,Slovakia
07,22.207359550068105,Slovakia
08,22.016857218298238,Slovakia
09,20.380570169626292,Slovakia
10,17.743976211024805,Slovakia
11,14.978009589041097,Slovakia
12,12.488278313359572,Slovakia
01,11.635348180539687,Slovenia
02,12.577013608582863,Slovenia
03,14.57424544136386,Slovenia
04,16.969518652622337,Slovenia
05,19.523826324124585,Slovenia
06,21.22447707777459,Slovenia
07,22.207359550068105,Slovenia
08,22.016857218298238,Slovenia
09,20.380570169626292,Slovenia
10,17.743976211024805,Slovenia
11,14.978009589041097,Slovenia
12,12.488278313359572,Slovenia
01,11.635348180539687,Solomon Islands
02,12.577013608582863,Solomon Islands
03,14.57424544136386,Solomon Islands
04,16.969518652622337,Solomon Islands
05,19.523826324124585,Solomon Islands
06,21.22447707777459,Solomon Islands
07,22.207359550068105,Solomon Islands
08,22.016857218298238,Solomon Islands
09,20.380570169626292,Solomon Islands
10,17.743976211024805,Solomon Islands
11,14.978009589041097,Solomon Islands
12,12.488278313359572,Solomon Islands
01,11.635348180539687,Somalia
02,12.577013608582863,Somalia
03,14.57424544136386,Somalia
04,16.969518652622337,Somalia
05,19.523826324124585,Somalia
06,21.22447707777459,Somalia
07,22.207359550068105,Somalia
08,22.016857218298238,Somalia
09,20.380570169626292,Somalia
10,17.743976211024805,Somalia
11,14.978009589041097,Somalia
12,12.488278313359572,Somalia
01,11.635348180539687,South Africa
02,12.577013608582863,South Africa
03,14.57424544136386,South Africa
04,16.969518652622337,South Africa
05,19.523826324124585,South Africa
06,21.22447707777459,South Africa
07,22.207359550068105,South Africa
08,22.016857218298238,South Africa
09,20.380570169626292,South Africa
10,17.743976211024805,South Africa
11,14.978009589041097,South Africa
12,12.488278313359572,South Africa
01,11.635348180539687,South America
02,12.577013608582863,South America
03,14.57424544136386,South America
04,16.969518652622337,South America
05,19.523826324124585,South America
06,21.22447707777459,South America
07,22.207359550068105,South America
08,22.016857218298238,South America
09,20.380570169626292,South America
10,17.743976211024805,South America
11,14.978009589041097,South America
12,12.488278313359572,South America
01,11.635348180539687,South Georgia And The South Sandwich Isla
02,12.577013608582863,South Georgia And The South Sandwich Isla
03,14.57424544136386,South Georgia And The South Sandwich Isla
04,16.969518652622337,South Georgia And The South Sandwich Isla
05,19.523826324124585,South Georgia And The South Sandwich Isla
06,21.22447707777459,South Georgia And The South Sandwich Isla
07,22.207359550068105,South Georgia And The South Sandwich Isla
08,22.016857218298238,South Georgia And The South Sandwich Isla
09,20.380570169626292,South Georgia And The South Sandwich Isla
10,17.743976211024805,South Georgia And The South Sandwich Isla
11,14.978009589041097,South Georgia And The South Sandwich Isla
12,12.488278313359572,South Georgia And The South Sandwich Isla
01,11.635348180539687,South Korea
02,12.577013608582863,South Korea
03,14.57424544136386,South Korea
04,16.969518652622337,South Korea
05,19.523826324124585,South Korea
06,21.22447707777459,South Korea
07,22.207359550068105,South Korea
08,22.016857218298238,South Korea
09,20.380570169626292,South Korea
10,17.743976211024805,South Korea
11,14.978009589041097,South Korea
12,12.488278313359572,South Korea
01,11.635348180539687,Spain
02,12.577013608582863,Spain
03,14.57424544136386,Spain
04,16.969518652622337,Spain
05,19.523826324124585,Spain
06,21.22447707777459,Spain
07,22.207359550068105,Spain
08,22.016857218298238,Spain
09,20.380570169626292,Spain
10,17.743976211024805,Spain
11,14.978009589041097,Spain
12,12.488278313359572,Spain
01,11.635348180539687,Sri Lanka
02,12.577013608582863,Sri Lanka
03,14.57424544136386,Sri Lanka
04,16.969518652622337,Sri Lanka
05,19.523826324124585,Sri Lanka
06,21.22447707777459,Sri Lanka
07,22.207359550068105,Sri Lanka
08,22.016857218298238,Sri Lanka
09,20.380570169626292,Sri Lanka
10,17.743976211024805,Sri Lanka
11,14.978009589041097,Sri Lanka
12,12.488278313359572,Sri Lanka
01,11.635348180539687,Sudan
02,12.577013608582863,Sudan
03,14.57424544136386,Sudan
04,16.969518652622337,Sudan
05,19.523826324124585,Sudan
06,21.22447707777459,Sudan
07,22.207359550068105,Sudan
08,22.016857218298238,Sudan
09,20.380570169626292,Sudan
10,17.743976211024805,Sudan
11,14.978009589041097,Sudan
12,12.488278313359572,Sudan
01,11.635348180539687,Suriname
02,12.577013608582863,Suriname
03,14.57424544136386,Suriname
04,16.969518652622337,Suriname
05,19.523826324124585,Suriname
06,21.22447707777459,Suriname
07,22.207359550068105,Suriname
08,22.016857218298238,Suriname
09,20.380570169626292,Suriname
10,17.743976211024805,Suriname
11,14.978009589041097,Suriname
12,12.488278313359572,Suriname
01,11.635348180539687,Svalbard And Jan Mayen
02,12.577013608582863,Svalbard And Jan Mayen
03,14.57424544136386,Svalbard And Jan Mayen
04,16.969518652622337,Svalbard And Jan Mayen
05,19.523826324124585,Svalbard And Jan Mayen
06,21.22447707777459,Svalbard And Jan Mayen
07,22.207359550068105,Svalbard And Jan Mayen
08,22.016857218298238,Svalbard And Jan Mayen
09,20.380570169626292,Svalbard And Jan Mayen
10,17.743976211024805,Svalbard And Jan Mayen
11,14.978009589041097,Svalbard And Jan Mayen
12,12.488278313359572,Svalbard And Jan Mayen
01,11.635348180539687,Swaziland
02,12.577013608582863,Swaziland
03,14.57424544136386,Swaziland
04,16.969518652622337,Swaziland
05,19.523826324124585,Swaziland
06,21.22447707777459,Swaziland
07,22.207359550068105,Swaziland
08,22.016857218298238,Swaziland
09,20.380570169626292,Swaziland
10,17.743976211024805,Swaziland
11,14.978009589041097,Swaziland
12,12.488278313359572,Swaziland
01,11.635348180539687,Sweden
02,12.577013608582863,Sweden
03,14.57424544136386,Sweden
04,16.969518652622337,Sweden
05,19.523826324124585,Sweden
06,21.22447707777459,Sweden
07,22.207359550068105,Sweden
08,22.016857218298238,Sweden
09,20.380570169626292,Sweden
10,17.743976211024805,Sweden
11,14.978009589041097,Sweden
12,12.488278313359572,Sweden
01,11.635348180539687,Switzerland
02,12.577013608582863,Switzerland
03,14.57424544136386,Switzerland
04,16.969518652622337,Switzerland
05,19.523826324124585,Switzerland
06,21.22447707777459,Switzerland
07,22.207359550068105,Switzerland
08,22.016857218298238,Switzerland
09,20.380570169626292,Switzerland
10,17.743976211024805,Switzerland
11,14.978009589041097,Switzerland
12,12.488278313359572,Switzerland
01,11.635348180539687,Syria
02,12.577013608582863,Syria
03,14.57424544136386,Syria
04,16.969518652622337,Syria
05,19.523826324124585,Syria
06,21.22447707777459,Syria
07,22.207359550068105,Syria
08,22.016857218298238,Syria
09,20.380570169626292,Syria
10,17.743976211024805,Syria
11,14.978009589041097,Syria
12,12.488278313359572,Syria
01,11.635348180539687,Taiwan
02,12.577013608582863,Taiwan
03,14.57424544136386,Taiwan
04,16.969518652622337,Taiwan
05,19.523826324124585,Taiwan
06,21.22447707777459,Taiwan
07,22.207359550068105,Taiwan
08,22.016857218298238,Taiwan
09,20.380570169626292,Taiwan
10,17.743976211024805,Taiwan
11,14.978009589041097,Taiwan
12,12.488278313359572,Taiwan
01,11.635348180539687,Tajikistan
02,12.577013608582863,Tajikistan
03,14.57424544136386,Tajikistan
04,16.969518652622337,Tajikistan
05,19.523826324124585,Tajikistan
06,21.22447707777459,Tajikistan
07,22.207359550068105,Tajikistan
08,22.016857218298238,Tajikistan
09,20.380570169626292,Tajikistan
10,17.743976211024805,Tajikistan
11,14.978009589041097,Tajikistan
12,12.488278313359572,Tajikistan
01,11.635348180539687,Tanzania
02,12.577013608582863,Tanzania
03,14.57424544136386,Tanzania
04,16.969518652622337,Tanzania
05,19.523826324124585,Tanzania
06,21.22447707777459,Tanzania
07,22.207359550068105,Tanzania
08,22.016857218298238,Tanzania
09,20.380570169626292,Tanzania
10,17.743976211024805,Tanzania
11,14.978009589041097,Tanzania
12,12.488278313359572,Tanzania
01,11.635348180539687,Thailand
02,12.577013608582863,Thailand
03,14.57424544136386,Thailand
04,16.969518652622337,Thailand
05,19.523826324124585,Thailand
06,21.22447707777459,Thailand
07,22.207359550068105,Thailand
08,22.016857218298238,Thailand
09,20.380570169626292,Thailand
10,17.743976211024805,Thailand
11,14.978009589041097,Thailand
12,12.488278313359572,Thailand
01,11.635348180539687,Timor Leste
02,12.577013608582863,Timor Leste
03,14.57424544136386,Timor Leste
04,16.969518652622337,Timor Leste
05,19.523826324124585,Timor Leste
06,21.22447707777459,Timor Leste
07,22.207359550068105,Timor Leste
08,22.016857218298238,Timor Leste
09,20.380570169626292,Timor Leste
10,17.743976211024805,Timor Leste
11,14.978009589041097,Timor Leste
12,12.488278313359572,Timor Leste
01,11.635348180539687,Togo
02,12.577013608582863,Togo
03,14.57424544136386,Togo
04,16.969518652622337,Togo
05,19.523826324124585,Togo
06,21.22447707777459,Togo
07,22.207359550068105,Togo
08,22.016857218298238,Togo
09,20.380570169626292,Togo
10,17.743976211024805,Togo
11,14.978009589041097,Togo
12,12.488278313359572,Togo
01,11.635348180539687,Tonga
02,12.577013608582863,Tonga
03,14.57424544136386,Tonga
04,16.969518652622337,Tonga
05,19.523826324124585,Tonga
06,21.22447707777459,Tonga
07,22.207359550068105,Tonga
08,22.016857218298238,Tonga
09,20.380570169626292,Tonga
10,17.743976211024805,Tonga
11,14.978009589041097,Tonga
12,12.488278313359572,Tonga
01,11.635348180539687,Trinidad And Tobago
02,12.577013608582863,Trinidad And Tobago
03,14.57424544136386,Trinidad And Tobago
04,16.969518652622337,Trinidad And Tobago
05,19.523826324124585,Trinidad And Tobago
06,21.22447707777459,Trinidad And Tobago
07,22.207359550068105,Trinidad And Tobago
08,22.016857218298238,Trinidad And Tobago
09,20.380570169626292,Trinidad And Tobago
10,17.743976211024805,Trinidad And Tobago
11,14.978009589041097,Trinidad And Tobago
12,12.488278313359572,Trinidad And Tobago
01,11.635348180539687,Tunisia
02,12.577013608582863,Tunisia
03,14.57424544136386,Tunisia
04,16.969518652622337,Tunisia
05,19.523826324124585,Tunisia
06,21.22447707777459,Tunisia
07,22.207359550068105,Tunisia
08,22.016857218298238,Tunisia
09,20.380570169626292,Tunisia
10,17.743976211024805,Tunisia
11,14.978009589041097,Tunisia
12,12.488278313359572,Tunisia
01,11.635348180539687,Turkey
02,12.577013608582863,Turkey
03,14.57424544136386,Turkey
04,16.969518652622337,Turkey
05,19.523826324124585,Turkey
06,21.22447707777459,Turkey
07,22.207359550068105,Turkey
08,22.016857218298238,Turkey
09,20.380570169626292,Turkey
10,17.743976211024805,Turkey
11,14.978009589041097,Turkey
12,12.488278313359572,Turkey
01,11.635348180539687,Turkmenistan
02,12.577013608582863,Turkmenistan
03,14.57424544136386,Turkmenistan
04,16.969518652622337,Turkmenistan
05,19.523826324124585,Turkmenistan
06,21.22447707777459,Turkmenistan
07,22.207359550068105,Turkmenistan
08,22.016857218298238,Turkmenistan
09,20.380570169626292,Turkmenistan
10,17.743976211024805,Turkmenistan
11,14.978009589041097,Turkmenistan
12,12.488278313359572,Turkmenistan
01,11.635348180539687,Turks And Caicas Islands
02,12.577013608582863,Turks And Caicas Islands
03,14.57424544136386,Turks And Caicas Islands
04,16.969518652622337,Turks And Caicas Islands
05,19.523826324124585,Turks And Caicas Islands
06,21.22447707777459,Turks And Caicas Islands
07,22.207359550068105,Turks And Caicas Islands
08,22.016857218298238,Turks And Caicas Islands
09,20.380570169626292,Turks And Caicas Islands
10,17.743976211024805,Turks And Caicas Islands
11,14.978009589041097,Turks And Caicas Islands
12,12.488278313359572,Turks And Caicas Islands
01,11.635348180539687,Uganda
02,12.577013608582863,Uganda
03,14.57424544136386,Uganda
04,16.969518652622337,Uganda
05,19.523826324124585,Uganda
06,21.22447707777459,Uganda
07,22.207359550068105,Uganda
08,22.016857218298238,Uganda
09,20.380570169626292,Uganda
10,17.743976211024805,Uganda
11,14.978009589041097,Uganda
12,12.488278313359572,Uganda
01,11.635348180539687,Ukraine
02,12.577013608582863,Ukraine
03,14.57424544136386,Ukraine
04,16.969518652622337,Ukraine
05,19.523826324124585,Ukraine
06,21.22447707777459,Ukraine
07,22.207359550068105,Ukraine
08,22.016857218298238,Ukraine
09,20.380570169626292,Ukraine
10,17.743976211024805,Ukraine
11,14.978009589041097,Ukraine
12,12.488278313359572,Ukraine
01,11.635348180539687,United Arab Emirates
02,12.577013608582863,United Arab Emirates
03,14.57424544136386,United Arab Emirates
04,16.969518652622337,United Arab Emirates
05,19.523826324124585,United Arab Emirates
06,21.22447707777459,United Arab Emirates
07,22.207359550068105,United Arab Emirates
08,22.016857218298238,United Arab Emirates
09,20.380570169626292,United Arab Emirates
10,17.743976211024805,United Arab Emirates
11,14.978009589041097,United Arab Emirates
12,12.488278313359572,United Arab Emirates
01,11.635348180539687,United Kingdom (Europe)
02,12.577013608582863,United Kingdom (Europe)
03,14.57424544136386,United Kingdom (Europe)
04,16.969518652622337,United Kingdom (Europe)
05,19.523826324124585,United Kingdom (Europe)
06,21.22447707777459,United Kingdom (Europe)
07,22.207359550068105,United Kingdom (Europe)
08,22.016857218298238,United Kingdom (Europe)
09,20.380570169626292,United Kingdom (Europe)
10,17.743976211024805,United Kingdom (Europe)
11,14.978009589041097,United Kingdom (Europe)
12,12.488278313359572,United Kingdom (Europe)
01,11.635348180539687,United Kingdom
02,12.577013608582863,United Kingdom
03,14.57424544136386,United Kingdom
04,16.969518652622337,United Kingdom
05,19.523826324124585,United Kingdom
06,21.22447707777459,United Kingdom
07,22.207359550068105,United Kingdom
08,22.016857218298238,United Kingdom
09,20.380570169626292,United Kingdom
10,17.743976211024805,United Kingdom
11,14.978009589041097,United Kingdom
12,12.488278313359572,United Kingdom
01,11.635348180539687,United States
02,12.577013608582863,United States
03,14.57424544136386,United States
04,16.969518652622337,United States
05,19.523826324124585,United States
06,21.22447707777459,United States
07,22.207359550068105,United States
08,22.016857218298238,United States
09,20.380570169626292,United States
10,17.743976211024805,United States
11,14.978009589041097,United States
12,12.488278313359572,United States
01,11.635348180539687,Uruguay
02,12.577013608582863,Uruguay
03,14.57424544136386,Uruguay
04,16.969518652622337,Uruguay
05,19.523826324124585,Uruguay
06,21.22447707777459,Uruguay
07,22.207359550068105,Uruguay
08,22.016857218298238,Uruguay
09,20.380570169626292,Uruguay
10,17.743976211024805,Uruguay
11,14.978009589041097,Uruguay
12,12.488278313359572,Uruguay
01,11.635348180539687,Uzbekistan
02,12.577013608582863,Uzbekistan
03,14.57424544136386,Uzbekistan
04,16.969518652622337,Uzbekistan
05,19.523826324124585,Uzbekistan
06,21.22447707777459,Uzbekistan
07,22.207359550068105,Uzbekistan
08,22.016857218298238,Uzbekistan
09,20.380570169626292,Uzbekistan
10,17.743976211024805,Uzbekistan
11,14.978009589041097,Uzbekistan
12,12.488278313359572,Uzbekistan
01,11.635348180539687,Venezuela
02,12.577013608582863,Venezuela
03,14.57424544136386,Venezuela
04,16.969518652622337,Venezuela
05,19.523826324124585,Venezuela
06,21.22447707777459,Venezuela
07,22.207359550068105,Venezuela
08,22.016857218298238,Venezuela
09,20.380570169626292,Venezuela
10,17.743976211024805,Venezuela
11,14.978009589041097,Venezuela
12,12.488278313359572,Venezuela
01,11.635348180539687,Vietnam
02,12.577013608582863,Vietnam
03,14.57424544136386,Vietnam
04,16.969518652622337,Vietnam
05,19.523826324124585,Vietnam
06,21.22447707777459,Vietnam
07,22.207359550068105,Vietnam
08,22.016857218298238,Vietnam
09,20.380570169626292,Vietnam
10,17.743976211024805,Vietnam
11,14.978009589041097,Vietnam
12,12.488278313359572,Vietnam
01,11.635348180539687,Virgin Islands
02,12.577013608582863,Virgin Islands
03,14.57424544136386,Virgin Islands
04,16.969518652622337,Virgin Islands
05,19.523826324124585,Virgin Islands
06,21.22447707777459,Virgin Islands
07,22.207359550068105,Virgin Islands
08,22.016857218298238,Virgin Islands
09,20.380570169626292,Virgin Islands
10,17.743976211024805,Virgin Islands
11,14.978009589041097,Virgin Islands
12,12.488278313359572,Virgin Islands
01,11.635348180539687,Western Sahara
02,12.577013608582863,Western Sahara
03,14.57424544136386,Western Sahara
04,16.969518652622337,Western Sahara
05,19.523826324124585,Western Sahara
06,21.22447707777459,Western Sahara
07,22.207359550068105,Western Sahara
08,22.016857218298238,Western Sahara
09,20.380570169626292,Western Sahara
10,17.743976211024805,Western Sahara
11,14.978009589041097,Western Sahara
12,12.488278313359572,Western Sahara
01,11.635348180539687,Yemen
02,12.577013608582863,Yemen
03,14.57424544136386,Yemen
04,16.969518652622337,Yemen
05,19.523826324124585,Yemen
06,21.22447707777459,Yemen
07,22.207359550068105,Yemen
08,22.016857218298238,Yemen
09,20.380570169626292,Yemen
10,17.743976211024805,Yemen
11,14.978009589041097,Yemen
12,12.488278313359572,Yemen
01,11.635348180539687,Zambia
02,12.577013608582863,Zambia
03,14.57424544136386,Zambia
04,16.969518652622337,Zambia
05,19.523826324124585,Zambia
06,21.22447707777459,Zambia
07,22.207359550068105,Zambia
08,22.016857218298238,Zambia
09,20.380570169626292,Zambia
10,17.743976211024805,Zambia
11,14.978009589041097,Zambia
12,12.488278313359572,Zambia
01,11.635348180539687,Zimbabwe
02,12.577013608582863,Zimbabwe
03,14.57424544136386,Zimbabwe
04,16.969518652622337,Zimbabwe
05,19.523826324124585,Zimbabwe
06,21.22447707777459,Zimbabwe
07,22.207359550068105,Zimbabwe
08,22.016857218298238,Zimbabwe
09,20.380570169626292,Zimbabwe
10,17.743976211024805,Zimbabwe
11,14.978009589041097,Zimbabwe
12,12.488278313359572,Zimbabwe
